date,open,high,low,close,volume
2020-06-04,244.59,246.73,236.17,243.18,159033.0193
2020-06-05,243.18,247.9,238.65,240.04,117168.7039
2020-06-06,240.04,244.52,237.67,241.92,60101.6106
2020-06-07,241.92,245.45,234.48,244.81,128372.5673
2020-06-08,244.79,247.97,240.82,246.55,93327.7506
2020-06-09,246.55,249.99,238.91,244.03,111405.5318
2020-06-10,244.04,250.56,242.13,248.16,142311.1534
2020-06-11,248.27,250.26,225.2,230.15,240083.1628
2020-06-12,230.14,239.54,227.84,237.53,133036.8486
2020-06-13,237.57,238.8,234.11,238.17,46315.9913
2020-06-14,238.18,238.59,229.75,231.34,108186.6677
2020-06-15,231.34,234,217.79,230.98,240181.5769
2020-06-16,230.96,236.02,228.78,235.34,86465.3143
2020-06-17,235.35,237,227.5,233.71,89376.407
2020-06-18,233.69,234.5,227.37,231.05,64198.3754
2020-06-19,231.05,231.9,226.43,228.66,66279.2578
2020-06-20,228.67,230.67,225.5,228.8,44777.0556
2020-06-21,228.8,231.29,226.86,227.68,44083.7544
2020-06-22,227.7,246.95,227.2,243.23,166917.7986
2020-06-23,243.24,244.8,240.73,243.12,73617.263
2020-06-24,243.08,249.04,230.66,234.44,145340.3896
2020-06-25,234.44,235.24,227.05,231.97,115681.7571
2020-06-26,231.94,233.25,227.3,229.44,82611.9898
2020-06-27,229.45,231.1,215.16,220.76,131871.6543
2020-06-28,220.74,227.93,217.35,224.76,67155.356
2020-06-29,224.94,229.98,220.98,227.81,81211.4462
2020-06-30,227.81,228.69,222.93,225.48,57678.3608
2020-07-01,225.5,232.77,224.11,231.03,91282.481
2020-07-02,231.15,232.15,222.78,226.48,89324.1532
2020-07-03,226.43,228.26,224.31,225.06,67562.6865
2020-07-04,224.98,231.04,224.5,229.34,50798.9963
2020-07-05,229.34,229.93,223.5,227.67,45635.0944
2020-07-06,227.62,241.99,227.08,241.65,140881.4653
2020-07-07,241.71,243.82,234.55,239.37,84359.1623
2020-07-08,239.37,249,237.91,247.14,135216.7749
2020-07-09,247.11,247.67,237.04,242,107698.9573
2020-07-10,242,242.12,235.56,241.2,71281.8811
2020-07-11,241.26,241.58,237.43,239.17,38867.9525
2020-07-12,239.18,243.9,236.51,242.81,61521.884
2020-07-13,242.81,245.37,236.97,239.44,123671.0749
2020-07-14,239.25,242.01,236.66,240.43,70522.1753
2020-07-15,240.4,241.44,236.36,238.33,116172.6659
2020-07-16,238.35,239.16,229.77,233.41,143676.5095
2020-07-17,233.47,234.55,230.87,232.63,77645.6095
2020-07-18,232.59,236.97,232.24,235.72,48348.0846
2020-07-19,235.69,240,233.28,239.17,47600.8854
2020-07-20,239.26,239.8,233.85,236.1,75335.4284
2020-07-21,236.12,247.18,235.77,245.65,132078.7876
2020-07-22,245.64,269.49,241.62,264.28,152721.5964
2020-07-23,264.28,282.6,260.1,275.68,309092.3422
2020-07-24,275.56,287.8,268.39,279.59,180943.2309
2020-07-25,279.66,310,279.62,305.66,245086.4109
2020-07-26,305.55,319.86,300.21,311.35,238205.016
2020-07-27,311.43,334.34,311.38,322.24,412079.3763
2020-07-28,322.41,327.34,306.29,317.59,208395.5604
2020-07-29,317.52,325.85,312.66,318.16,166994.9633
2020-07-30,318.15,342.4,314.52,335.31,175330.8765
2020-07-31,335.25,349.74,328.35,346.86,199448.4798
2020-08-01,346.86,394,343.75,387.4,308505.5
2020-08-02,387.4,415,325.75,372.21,573146.5448
2020-08-03,372.19,399.69,366.34,386.22,246596.5667
2020-08-04,386.27,403.64,380.67,389.82,250989.9546
2020-08-05,389.76,408,383.86,401.21,208377.2177
2020-08-06,401.21,404.03,391,395.28,147321.2554
2020-08-07,395.28,398.57,362.88,379.75,258109.5633
2020-08-08,379.76,400.06,376.18,397.51,109615.578
2020-08-09,397.5,401,384.02,390.41,144028.589
2020-08-10,390.41,400.21,385.44,395.78,198449.1804
2020-08-11,395.77,398.3,364.77,378.88,231283.2172
2020-08-12,378.92,389.57,365.19,387.27,193171.5051
2020-08-13,387.27,432.94,376.46,424.94,363868.5283
2020-08-14,425,445.45,417.52,438.83,320572.9639
2020-08-15,438.83,443.33,428,432.55,170960.9008
2020-08-16,432.67,437,412.51,433.7,198013.6894
2020-08-17,433.71,447.5,420.5,431.5,221839.1436
2020-08-18,431.5,434.27,414.44,422.31,148682.3074
2020-08-19,422.31,426.97,393.75,407.59,212936.969
2020-08-20,407.6,419.58,402.3,415.92,146536.5102
2020-08-21,415.92,418.92,385,388.05,218376.515
2020-08-22,388,399.73,379.53,395.62,145453.0893
2020-08-23,395.52,400,383.67,390.9,79939.9278
2020-08-24,390.78,411.97,387.72,407.76,153521.946
2020-08-25,407.76,409.31,369.36,383.33,189576.5422
2020-08-26,383.26,393.5,377.56,386.1,131417.5222
2020-08-27,386.12,397.15,371.5,383.25,121889.9519
2020-08-28,383.27,398.16,379.67,395.47,123755.4194
2020-08-29,395.35,405.82,392.34,398.58,89963.77
2020-08-30,398.57,429.9,398.24,428.94,170379.4457
2020-08-31,428.92,439,418.16,433.89,168619.8054
2020-09-01,433.88,488.95,429.66,475.57,333743.6221
2020-09-02,475.57,481.2,420.58,440.02,320308.0544
2020-09-03,439.99,451,370,382.87,407832.2915
2020-09-04,382.15,400.5,359,388.96,286186.0074
2020-09-05,389.2,394.38,310,335.25,607878.8782
2020-09-06,335.25,360.61,316.43,352.77,266338.8329
2020-09-07,352.85,358.66,323.17,353.71,215514.0893
2020-09-08,353.71,357.01,325.36,337.48,209229.7361
2020-09-09,337.48,359.41,330.6,351.1,166730.6151
2020-09-10,351.11,377.79,350.23,368.06,217245.4358
2020-09-11,367.94,375.38,355.81,373.93,132464.5869
2020-09-12,373.93,388.25,364.88,387.81,109437.7936
2020-09-13,387.82,390.41,353.58,366.58,164465.9439
2020-09-14,366.58,384.61,355.66,377.28,190573.772
2020-09-15,377.27,382.76,362.5,364.2,170054.9627
2020-09-16,364.05,373.37,355,365.23,130167.798
2020-09-17,365.22,394.55,363.4,389.45,212965.4128
2020-09-18,389.52,392.69,375.19,384.64,163353.4931
2020-09-19,384.6,388.43,377.2,385.23,70257.8773
2020-09-20,385.25,385.31,364.89,370.69,89803.3707
2020-09-21,371.03,376.76,331,340.11,266795.4338
2020-09-22,340.36,346.84,335.57,344.26,125988.8984
2020-09-23,344.25,344.64,313,320.63,190725.1144
2020-09-24,320.65,353.14,316.65,349.14,183245.4546
2020-09-25,349.14,358.12,337.63,352.11,126913.45
2020-09-26,352.12,356.5,346.03,354.13,61035.0111
2020-09-27,354.01,362.86,347.05,357.55,80085.2643
2020-09-28,357.53,368.52,351.88,353.91,104212.3756
2020-09-29,353.68,360.59,350.19,359.9,116581.135
2020-09-30,359.93,361.51,351.38,359.89,61528.3697
2020-10-01,360.01,370.25,345.01,352.9,123288.3818
2020-10-02,352.84,354.25,334.19,345.7,152553.4116
2020-10-03,345.74,351.2,343.71,346.18,39972.1487
2020-10-04,346.18,354.35,344.08,352.48,57672.7047
2020-10-05,352.42,356.12,348.69,353.73,53291.5608
2020-10-06,353.82,355.33,336.73,340.78,101113.6642
2020-10-07,340.8,342.83,332.87,341.68,95554.3654
2020-10-08,341.7,353.34,334.29,351.25,88039.9757
2020-10-09,351.17,368.7,347.15,365.36,116241.0151
2020-10-10,365.35,380.81,365.02,370.75,117309.7265
2020-10-11,370.73,377.49,369.02,374.38,55925.9614
2020-10-12,374.37,395.18,365.77,386.74,111464.2953
2020-10-13,386.77,387.88,374.29,381.37,84543.6187
2020-10-14,381.37,387.63,373.29,378.97,80200.7172
2020-10-15,379.01,381.99,370.06,377.94,68915.9786
2020-10-16,377.89,380,361.38,365.57,106263.2847
2020-10-17,365.57,370.57,363.56,368.48,41868.0712
2020-10-18,368.48,378.69,367.31,378.58,42509.2102
2020-10-19,378.56,384.69,372.89,379.36,69957.4577
2020-10-20,379.53,380.9,363.01,368.81,84940.2698
2020-10-21,368.81,402.62,368.06,391.53,249849.807
2020-10-22,391.36,421.47,391.33,414.7,182333.5084
2020-10-23,414.64,419.48,401.51,409.52,124844.5206
2020-10-24,409.55,417,407.4,412.58,68349.1991
2020-10-25,412.58,417.86,402.92,406.46,53762.8409
2020-10-26,406.32,411.47,382.21,393.12,129676.3419
2020-10-27,393.07,411.77,390.35,404.55,108903.2756
2020-10-28,404.56,409.52,380.5,388.63,128255.1382
2020-10-29,388.59,394,380.75,387.6,104421.7354
2020-10-30,387.49,392.16,373.4,382.77,107710.1728
2020-10-31,382.77,394,380.76,386.74,76755.2102
2020-11-01,386.72,397.65,385.09,396.91,49385.4718
2020-11-02,396.91,404.57,378.36,383.33,128275.5109
2020-11-03,383.33,390.35,370.5,388.32,105339.73
2020-11-04,388.33,409,376.64,403.18,214751.1829
2020-11-05,403.19,421.25,396.43,417.17,248936.2059
2020-11-06,417.29,458.92,415.57,456.65,357787.285
2020-11-07,456.69,468.98,423,435.73,297289.7848
2020-11-08,435.59,460.57,432.65,454.61,111199.1219
2020-11-09,454.61,460,433.83,444.81,171387.9447
2020-11-10,444.84,455.51,439.36,450.89,132863.6765
2020-11-11,450.89,476.8,449.95,463.79,195694.0658
2020-11-12,463.75,470.56,452.07,462.98,180116.9756
2020-11-13,462.91,478.31,457.64,477.14,134796.0594
2020-11-14,477.15,478,452.17,461.16,114594.7838
2020-11-15,461.21,463.24,439.77,448.58,89217.7563
2020-11-16,448.6,466.21,445.91,460.85,112980.261
2020-11-17,460.87,485,460.05,482.68,196041.7351
2020-11-18,482.75,495.68,456.5,478.96,296492.0913
2020-11-19,479,480.99,465.18,471.92,131594.4827
2020-11-20,471.92,514.73,471.07,510.43,296509.7745
2020-11-21,510.6,554.28,502.82,553.07,287728.1278
2020-11-22,553.06,581.8,511.16,560.82,403902.1561
2020-11-23,560.78,611.43,550,609.26,444789.0794
2020-11-24,609.26,623.22,587.25,605.45,387478.5947
2020-11-25,605.45,606.49,554,568.79,255508.1788
2020-11-26,569.19,577,480.08,520.34,614152.3569
2020-11-27,520.35,531.41,493.51,519.07,199205.0918
2020-11-28,519.04,548.83,505.01,538.11,166450.4375
2020-11-29,537.97,577.55,531,576.76,139940.8158
2020-11-30,576.9,617,571.11,617,313418.9868
2020-12-01,617,636.53,563.01,586.03,373179.7978
2020-12-02,585.87,604.96,575.08,597.35,136242.1644
2020-12-03,597.03,624.57,586.11,616.65,168346.304
2020-12-04,616.46,620.56,566,567.6,195480.7063
2020-12-05,567.76,597.88,561.15,597.29,95956.7714
2020-12-06,597.29,607.46,583.31,601.95,101652.7267
2020-12-07,601.97,603.4,584.54,591.47,79196.5854
2020-12-08,591.53,595.47,548.12,554.79,173888.7906
2020-12-09,554.8,578.67,530.32,573.38,246145.8364
2020-12-10,573.26,575.62,547.83,559.45,117320.2106
2020-12-11,559.33,560.62,535.5,544.23,173696.2603
2020-12-12,544.51,574.33,543.22,568.64,101618.1466
2020-12-13,568.64,595.21,563.79,590.75,105159.2343
2020-12-14,590.45,591.71,575.58,586.39,103488.3163
2020-12-15,586.4,597.04,579.15,589.08,95567.3864
2020-12-16,589.08,639.58,581.21,637.98,261818.2886
2020-12-17,637.91,677.05,626.79,643.37,430253.0827
2020-12-18,643.26,664.46,629.59,654.66,177136.019
2020-12-19,654.66,672.06,646.54,658.96,186815.5551
2020-12-20,658.8,661.4,621.46,638.4,164504.3358
2020-12-21,638.19,648.35,596.9,608.07,267136.1027
2020-12-22,608.07,638.5,587.54,636.82,207333.5573
2020-12-23,636.73,638.75,551.45,585.11,328147.4653
2020-12-24,585.37,614.99,565.61,612.27,213890.6148
2020-12-25,612.25,633.97,604.26,626.75,158871.7532
2020-12-26,626.71,652.7,615.22,636.52,195895.6774
2020-12-27,636.85,714.99,625.01,684.12,436385.2543
2020-12-28,684.11,747,680.9,729.7,397946.5305
2020-12-29,729.65,739.66,688,731.76,295088.4018
2020-12-30,731.79,759,717,752.86,238441.2177
2020-12-31,752.87,755.9,724,737.67,217610.2607
2021-01-01,737.89,750,717.1,730.99,198060.4421
2021-01-02,730.97,789.21,715.22,775.3,368899.3194
2021-01-03,775.29,1015.14,770,980.44,858743.8191
2021-01-04,980.44,1168.99,886.33,1042.38,1103882.9027
2021-01-05,1042.24,1136.93,975,1103.73,858495.8882
2021-01-06,1103.71,1215.98,1058.32,1212.02,821084.9128
2021-01-07,1212.68,1291.94,1140,1227.34,661416.0329
2021-01-08,1227.55,1275,1063.18,1217.35,781425.7843
2021-01-09,1217.31,1310,1172.86,1281.45,434123.0263
2021-01-10,1281.25,1350.88,1153,1255.13,670103.5932
2021-01-11,1255.1,1260.24,905,1088.79,1556217.0776
2021-01-12,1088.55,1150,1006.83,1049.79,656376.7035
2021-01-13,1050.46,1137.75,980,1130.8,504920.5744
2021-01-14,1130.79,1246.99,1087.05,1231.32,438467.2899
2021-01-15,1231.59,1255.59,1065,1168.1,578841.8829
2021-01-16,1169.04,1294,1152.3,1227.14,422140.3931
2021-01-17,1227.76,1268.83,1165.78,1232.99,295103.6023
2021-01-18,1232.6,1261,1181.9,1258.48,287749.9473
2021-01-19,1258.55,1440,1252.01,1368.04,709702.9993
2021-01-20,1367.7,1408.5,1234.01,1376.88,596370.0717
2021-01-21,1377.15,1390,1081,1110.62,789194.3447
2021-01-22,1110.61,1275.99,1039.62,1233.6,758560.9955
2021-01-23,1233.42,1272,1196.74,1234.55,269855.0208
2021-01-24,1234.47,1401.92,1221.66,1394,434746.4051
2021-01-25,1394.04,1477.3,1293.65,1317.97,627535.5279
2021-01-26,1317.98,1378.12,1245,1367.98,484756.9066
2021-01-27,1367.97,1375.91,1206.05,1240.96,546037.6769
2021-01-28,1240.62,1363.27,1220.08,1333.19,361803.1666
2021-01-29,1333.61,1442.88,1286.56,1379.87,629545.8299
2021-01-30,1380.04,1408.97,1327,1380,283799.5027
2021-01-31,1380,1382,1283,1313.94,216853.0492
2021-02-01,1313.95,1378.02,1271.31,1374.6,282549.5864
2021-02-02,1374.55,1549,1360.27,1513.67,596570.3574
2021-02-03,1513.85,1672.21,1509.48,1668.72,492422.6374
2021-02-04,1668.71,1699,1556,1597.55,531943.1279
2021-02-05,1597.34,1763.93,1589.17,1721.06,414535.8369
2021-02-06,1721.06,1745.25,1646.7,1679.77,330440.8959
2021-02-07,1679.76,1695.38,1493.28,1615.32,416691.9175
2021-02-08,1615.51,1780,1565.98,1752.98,454314.6233
2021-02-09,1752.98,1824.23,1710.01,1772.16,345860.4338
2021-02-10,1771.91,1839,1680,1742.93,368565.1093
2021-02-11,1742.51,1819,1704.23,1787.32,263018.4664
2021-02-12,1787.33,1868.9,1741.29,1845,324522.8367
2021-02-13,1844.78,1877.88,1766.15,1818.01,222718.5072
2021-02-14,1817.85,1852.47,1785.07,1803.75,172443.9926
2021-02-15,1803.25,1836,1659.93,1779.62,320429.9759
2021-02-16,1780.59,1825,1725,1781.97,209801.2907
2021-02-17,1782.14,1857.61,1733.87,1852,224624.7963
2021-02-18,1851.9,1950.3,1851.47,1939.64,279501.8107
2021-02-19,1939.64,1974.98,1890,1957.68,247118.4315
2021-02-20,1957.9,2041.42,1811.25,1915.46,419107.3735
2021-02-21,1915.01,1976.72,1885,1935.57,159669.0787
2021-02-22,1935.67,1938.95,1507.34,1778.66,665395.3121
2021-02-23,1778.33,1783.22,1356,1577.83,1013355.3974
2021-02-24,1577.84,1714,1500.28,1625.3,440088.38
2021-02-25,1625.27,1672.49,1458.5,1482.62,335391.6423
2021-02-26,1482.05,1564.11,1400.01,1445.18,380775.959
2021-02-27,1445.09,1526.82,1420,1460.57,231399.5569
2021-02-28,1460.49,1469.96,1292.76,1422.02,460805.8214
2021-03-01,1421.8,1574.28,1412.61,1571.82,313413.5896
2021-03-02,1571.87,1605.89,1455.86,1488.34,240668.5811
2021-03-03,1488.34,1657.91,1476.72,1567.86,233779.7095
2021-03-04,1568.4,1625,1504.06,1539.69,231528.4827
2021-03-05,1539.53,1551.19,1442.32,1528.82,324961.0123
2021-03-06,1528.82,1673.02,1512.45,1651.83,248888.0036
2021-03-07,1651.75,1735,1631.07,1728.22,210732.4974
2021-03-08,1727.95,1843.99,1664.08,1834.58,310581.1449
2021-03-09,1834.88,1872.26,1800,1871.99,225203.2652
2021-03-10,1871.93,1879,1756.29,1795.37,284059.5342
2021-03-11,1795.55,1847,1725,1827.04,210929.2156
2021-03-12,1826.53,1841.96,1721.15,1767.79,236995.3796
2021-03-13,1766.76,1944,1728.3,1921.61,242511.3859
2021-03-14,1921.76,1931.97,1836.61,1848.9,153591.27
2021-03-15,1848.56,1893.75,1734.87,1795.07,283178.4734
2021-03-16,1794.08,1819.2,1706.25,1806.03,183635.7625
2021-03-17,1805.7,1841.13,1742,1824.74,192527.7769
2021-03-18,1824.45,1850,1758.4,1776.4,190138.533
2021-03-19,1776.4,1840.69,1734.29,1809.38,144695.6335
2021-03-20,1808.95,1869,1800.55,1806.47,111937.3302
2021-03-21,1806.04,1818.86,1748.25,1784,121647.3115
2021-03-22,1784.11,1806.39,1657.17,1681.02,200417.2479
2021-03-23,1681.4,1723.61,1651.58,1668.09,212509.8623
2021-03-24,1668.37,1740.91,1545.77,1581.79,278130.1583
2021-03-25,1581.97,1622.27,1548.69,1587.08,286235.8472
2021-03-26,1587.01,1700.7,1586.81,1700.1,175253.6705
2021-03-27,1699.97,1732.85,1666.4,1713.88,110263.2172
2021-03-28,1713.96,1725.71,1662,1686.92,95999.8988
2021-03-29,1686.92,1841.88,1675.28,1815.73,203102.3743
2021-03-30,1815.73,1860,1785.77,1841.16,151376.6995
2021-03-31,1841.03,1948,1771.94,1920,263472.2251
2021-04-01,1919.99,1982.21,1886.11,1968.38,206220.4443
2021-04-02,1968.74,2145,1948.67,2134.68,273307.7202
2021-04-03,2134.38,2139.33,2000,2009.25,198152.209
2021-04-04,2008.97,2093.07,1980,2076.36,117506.1903
2021-04-05,2076.31,2131.27,2003.1,2106.98,150633.3473
2021-04-06,2107.45,2151,2046.08,2113,195664.3683
2021-04-07,2113.55,2128.99,1929.69,1964.23,297887.0747
2021-04-08,1964.69,2084.54,1949.34,2081.29,134740.5976
2021-04-09,2081.29,2100,2048.41,2066.03,116343.1766
2021-04-10,2066.5,2195,2057.2,2133.08,172198.2807
2021-04-11,2133.07,2163.18,2112.58,2150.54,83861.376
2021-04-12,2150.54,2199.11,2102.55,2138.03,127578.8624
2021-04-13,2138.02,2317.3,2135.9,2299.92,230007.9921
2021-04-14,2300.01,2446.91,2283.26,2432.54,322816.0972
2021-04-15,2432.16,2546.82,2401.25,2517.03,218658.1556
2021-04-16,2517.03,2548,2305,2426.64,305993.4808
2021-04-17,2426.64,2497.84,2305.55,2318.7,184015.2904
2021-04-18,2319.11,2341,2000,2241.46,484164.1704
2021-04-19,2241.67,2282.6,2050,2163.82,269095.5058
2021-04-20,2163.69,2349.5,2054.25,2332.6,312215.546
2021-04-21,2332.18,2471.72,2237.02,2357.21,305022.6791
2021-04-22,2357.74,2646.2,2304,2399.99,584078.8877
2021-04-23,2399.21,2442.29,2040,2370.05,644161.1899
2021-04-24,2369.8,2371.18,2158.36,2216.72,220990.8314
2021-04-25,2216.18,2358.22,2166,2322.16,253708.1116
2021-04-26,2322.43,2542.04,2306.03,2534,310905.0268
2021-04-27,2533.99,2683,2484.56,2667.86,276539.9898
2021-04-28,2667.86,2762.59,2551,2751.59,388997.9149
2021-04-29,2751.56,2800,2672,2758.92,289566.9401
2021-04-30,2758.92,2800,2727,2776.45,203784.3387
2021-05-01,2776.76,2955.9,2757.28,2948.92,219121.3233
2021-05-02,2948.92,2986,2855.29,2952.09,158755.4513
2021-05-03,2952.21,3457.75,2952.08,3433.99,552087.2811
2021-05-04,3433.99,3534.5,3166.12,3240.01,713308.4298
2021-05-05,3239.61,3550,3201.33,3529.97,466260.1981
2021-05-06,3529.96,3610.91,3381.11,3492.75,368967.1367
2021-05-07,3492.33,3595.07,3356.69,3484.7,305837.3964
2021-05-08,3484.69,3962.44,3455,3917.26,329490.024
2021-05-09,3917.26,3984,3726.29,3928.44,303199.0651
2021-05-10,3928.41,4213.85,3650.01,3949.45,591122.8205
2021-05-11,3949.45,4183.25,3760,4179.76,371785.2169
2021-05-12,4179.77,4384.43,3700,3826.37,617506.7929
2021-05-13,3826.37,4055.62,3525.62,3719.23,812296.1906
2021-05-14,3719.22,4177.77,3695,4080.51,344804.8245
2021-05-15,4080.51,4138,3632,3649.54,332664.1221
2021-05-16,3648.16,3878.23,3334.88,3585.62,496714.1883
2021-05-17,3584.79,3590,3101,3283.32,681492.4645
2021-05-18,3283.32,3567.4,3241.06,3375.96,443596.4257
2021-05-19,3376.98,3444.96,1860,2443.91,1664158.9063
2021-05-20,2443.91,2999.99,2156,2775.07,1050830.6973
2021-05-21,2775.06,2950,2105,2434.86,936011.8661
2021-05-22,2434.86,2486.29,2156,2297.19,665111.5879
2021-05-23,2296.68,2382,1728,2099.58,1045012.7602
2021-05-24,2100.07,2678.25,2072.15,2651.24,860939.0904
2021-05-25,2651.57,2768,2383.39,2707.56,725633.896
2021-05-26,2707.75,2913.68,2647.21,2889.84,532990.739
2021-05-27,2889.43,2893.96,2639.32,2745.51,380707.4878
2021-05-28,2745.25,2762.91,2329.2,2413.81,657497.5192
2021-05-29,2413.28,2574.86,2207.74,2280.72,496783.553
2021-05-30,2280.78,2480.69,2182.2,2387.66,388966.1518
2021-05-31,2387.65,2720,2275.22,2707.12,400639.2385
2021-06-01,2707.87,2748,2527.88,2634.42,341435.0449
2021-06-02,2634.46,2803,2552.28,2706.64,268753.9346
2021-06-03,2706.87,2890,2663.02,2856.68,254235.8917
2021-06-04,2856.73,2859.85,2554.39,2690.68,294466.9594
2021-06-05,2691.13,2816.92,2552.18,2629.75,228143.7084
2021-06-06,2629.45,2745.36,2615,2710.97,122420.1665
2021-06-07,2710.97,2849.15,2575,2592.47,267934.3714
2021-06-08,2592.47,2621.91,2306.52,2509.11,451505.0617
2021-06-09,2509.1,2628.16,2406.33,2611.27,291643.0377
2021-06-10,2611.4,2625,2428.16,2471.59,181679.4988
2021-06-11,2471.59,2499.34,2322.16,2355.27,189880.6814
2021-06-12,2355.11,2452.58,2257.07,2371.49,177293.9677
2021-06-13,2371.85,2550,2309.67,2510.23,172712.4856
2021-06-14,2510.22,2609.02,2461.63,2582.86,169626.353
2021-06-15,2582.45,2640,2506.23,2543.58,168529.3479
2021-06-16,2543.57,2555,2351.01,2367.73,178257.288
2021-06-17,2368.24,2459.53,2306.35,2373.33,153637.624
2021-06-18,2373.33,2377.8,2125.12,2234.47,273328.2266
2021-06-19,2234.8,2279,2162.72,2164.72,162828.9124
2021-06-20,2165.13,2275.78,2042.5,2242.9,231871.9151
2021-06-21,2242.89,2259.1,1864.5,1885.67,598655.0727
2021-06-22,1885.49,1996.67,1700,1881.65,620163.374
2021-06-23,1881.24,2045,1823.97,1968.37,287217.0905
2021-06-24,1968.36,2035.39,1884.77,1988.81,208623.599
2021-06-25,1988.81,2019.39,1792,1809.07,370739.7474
2021-06-26,1809.07,1851.97,1717.41,1829.17,238207.1667
2021-06-27,1829,1988.62,1807.89,1984.71,177413.9106
2021-06-28,1984.84,2143.67,1957.24,2083.79,278261.9824
2021-06-29,2083.99,2247.03,2074.53,2166.18,215702.6878
2021-06-30,2165.64,2288,2089.16,2276.72,254873.1457
2021-07-01,2276.74,2277.44,2072.06,2107.01,240720.5748
2021-07-02,2107.75,2159.43,2017.07,2156,192127.1912
2021-07-03,2156,2239.69,2113.18,2226.95,98666.7919
2021-07-04,2227.46,2389.22,2190.56,2323.15,126325.7362
2021-07-05,2323.27,2324.44,2160,2197.34,156103.9362
2021-07-06,2197.34,2350,2195.02,2321.84,165693.4672
2021-07-07,2322.2,2411.19,2294.16,2316.82,159702.0441
2021-07-08,2317.64,2325.46,2084,2116.95,223830.0037
2021-07-09,2116.3,2189.28,2050,2147.38,190883.3262
2021-07-10,2147.38,2192.98,2075,2110.55,116594.4859
2021-07-11,2110.56,2173.37,2081.51,2140.82,89340.9713
2021-07-12,2141.45,2169,2002,2030.72,174561.3796
2021-07-13,2030.74,2047.72,1917.4,1940.76,217891.7726
2021-07-14,1940.34,2019.9,1865.5,1994.11,195351.5345
2021-07-15,1994.12,2039.99,1880,1918.07,229477.7444
2021-07-16,1918.99,1965.35,1850.15,1877.22,184221.682
2021-07-17,1877.22,1919,1847,1899.75,113724.2972
2021-07-18,1899.75,1994.4,1878.67,1891.46,124679.1085
2021-07-19,1891.46,1918.65,1805.47,1818.44,191611.5191
2021-07-20,1818.45,1840.79,1718.41,1786.46,278984.7992
2021-07-21,1786.51,2033.16,1754.27,1996.18,263702.4608
2021-07-22,1996.21,2046.74,1948.68,2024.75,196355.4963
2021-07-23,2024.75,2131.51,1995,2125.81,177278.1895
2021-07-24,2125.82,2200,2107.13,2185.95,151102.5247
2021-07-25,2186.76,2197.05,2108.08,2193.03,129013.9891
2021-07-26,2192.38,2437.99,2172.99,2228.26,427763.0673
2021-07-27,2228.71,2321,2152,2300.59,253782.9739
2021-07-28,2300.28,2347.88,2245.1,2300.42,205833.2111
2021-07-29,2300.76,2399.99,2267.78,2383.32,172925.7167
2021-07-30,2383.47,2474.82,2317.51,2463.9,222140.7442
2021-07-31,2463.88,2555,2422.31,2533.74,134549.1197
2021-08-01,2533.54,2699,2511.5,2555.43,260742.0604
2021-08-02,2555.99,2666.36,2503.7,2608.12,234264.4911
2021-08-03,2608.12,2633,2445.58,2508.31,237814.0644
2021-08-04,2508.16,2771.42,2455.94,2724.71,250129.629
2021-08-05,2724.71,2845,2530.69,2829.35,326176.9875
2021-08-06,2829.49,2949.21,2721,2892.98,283374.4206
2021-08-07,2892.83,3173.72,2866.58,3163.09,299359.3624
2021-08-08,3163.09,3191.99,2948.76,3014.13,244654.4588
2021-08-09,3014.12,3190,2892.5,3162.34,315853.3267
2021-08-10,3162.33,3235.1,3051,3142.09,223500.0319
2021-08-11,3142.18,3275,3122.22,3162.61,194586.9179
2021-08-12,3162.16,3239.69,2980,3047.21,243214.9015
2021-08-13,3047.21,3330,3034.52,3324.51,190905.3521
2021-08-14,3324.51,3333,3206.96,3266.52,118892.5091
2021-08-15,3266.52,3323.54,3112.96,3310.93,162311.4793
2021-08-16,3311.02,3341.47,3135,3146.6,177756.8905
2021-08-17,3146.6,3293.15,2992.15,3011.01,246541.8992
2021-08-18,3011.77,3126.51,2951,3014.38,193245.6329
2021-08-19,3014.38,3187.48,2960,3184.21,161902.2888
2021-08-20,3184.32,3300,3178.65,3286.58,173202.4996
2021-08-21,3286.82,3311,3206.96,3226.73,108432.7274
2021-08-22,3226.38,3275,3128.82,3241.42,98417.8766
2021-08-23,3241.41,3378.6,3233.19,3323.12,170976.0902
2021-08-24,3322.76,3360,3133.45,3171.52,162665.0793
2021-08-25,3170.94,3249,3079.92,3228.51,138830.6912
2021-08-26,3228.51,3251.05,3056,3093.2,140286.6349
2021-08-27,3092.71,3283.26,3050,3274.67,168913.6231
2021-08-28,3275.32,3290.51,3212.01,3247.99,72183.4254
2021-08-29,3247.99,3287.73,3153.75,3226.46,89119.3962
2021-08-30,3226.45,3349,3145.45,3229.01,219625.5622
2021-08-31,3229.02,3486.8,3190.56,3430.23,320212.12
2021-09-01,3430,3843.12,3384.24,3829.39,306568.7009
2021-09-02,3829.29,3838.28,3722.65,3787.97,206168.9391
2021-09-03,3788.2,4030.35,3710.59,3940.06,284766.1604
2021-09-04,3940.06,3970,3834.57,3887.53,130047.4157
2021-09-05,3887.58,3982.64,3835.7,3952.17,101339.5616
2021-09-06,3951.68,3973.27,3868,3928.89,111675.6299
2021-09-07,3928.72,3948,3009,3436.96,482489.775
2021-09-08,3436.75,3562.98,3216,3500.34,352658.6907
2021-09-09,3499.54,3568.59,3393.17,3424.95,244244.2489
2021-09-10,3424.32,3514.37,3142.67,3209.82,271075.6899
2021-09-11,3209.29,3349.43,3199.88,3266.77,133373.8613
2021-09-12,3266.97,3472.99,3231.75,3403.75,133979.5198
2021-09-13,3403.81,3430,3111.14,3286.2,215497.9182
2021-09-14,3285.66,3439.15,3270.74,3436.29,152957.5415
2021-09-15,3436.29,3621.15,3359.96,3615.65,157550.5012
2021-09-16,3615.68,3675.92,3482.97,3568.66,193709.0894
2021-09-17,3568.77,3595,3350.06,3400,164813.9473
2021-09-18,3400,3543,3369.53,3436.31,129386.3713
2021-09-19,3436.59,3457.22,3278,3328.59,93362.3145
2021-09-20,3328.7,3346.58,2911.81,2976.48,434236.7826
2021-09-21,2976.36,3104.82,2651,2765.69,441567.8737
2021-09-22,2765.33,3090.83,2738.24,3078.43,271497.5459
2021-09-23,3078.42,3182.34,3035.83,3154.62,166485.493
2021-09-24,3154.42,3160.48,2735,2930.61,365024.832
2021-09-25,2930.59,2968.85,2800.01,2924.01,145561.5244
2021-09-26,2923.91,3117.48,2741.34,3060.71,168746.4814
2021-09-27,3059.92,3168.03,2925,2925.27,172472.2979
2021-09-28,2926.27,2971.16,2782.6,2805.65,186331.0278
2021-09-29,2805.64,2950.6,2781.99,2850.14,177979.482
2021-09-30,2849.71,3048.58,2836.21,3000.46,169873.4508
2021-10-01,3001.14,3337.15,2967.41,3311.16,201035.5135
2021-10-02,3311.2,3469.95,3258.94,3387.82,144778.3845
2021-10-03,3388.67,3489.18,3343.36,3420.07,124271.0486
2021-10-04,3419.63,3438.91,3269.67,3387.2,163829.6268
2021-10-05,3386.9,3547.88,3365.34,3515.3,163084.6688
2021-10-06,3517.26,3632.44,3342.16,3575.85,219116.788
2021-10-07,3576.45,3655.02,3471.52,3588.51,195554.9483
2021-10-08,3588.83,3670,3535,3563.96,146564.4471
2021-10-09,3563.96,3634.13,3538.61,3575.83,88782.5853
2021-10-10,3575.2,3605.49,3406.44,3415,112835.102
2021-10-11,3414.75,3625,3373.45,3542.37,142525.7099
2021-10-12,3542.2,3549,3403.51,3490.61,176617.4519
2021-10-13,3490.17,3614.48,3412.45,3608.21,158955.2682
2021-10-14,3608.43,3828.84,3588.55,3791.66,216569.6921
2021-10-15,3791.06,3900,3734.44,3869.73,204682.208
2021-10-16,3869.73,3968.49,3802,3829.66,130674.3683
2021-10-17,3829.7,3919,3643,3847.18,134515.9109
2021-10-18,3847.38,3894.7,3676.35,3745.48,187448.5328
2021-10-19,3745.13,3890.36,3700,3878.17,154012.1533
2021-10-20,3878.35,4169,3829.59,4161.94,235728.7552
2021-10-21,4161.83,4374.95,4010.22,4053.9,286201.8377
2021-10-22,4053.97,4169.72,3885.25,3971.55,187484.2009
2021-10-23,3971.89,4172.04,3935.92,4168.56,109253.5717
2021-10-24,4168.53,4188.42,3962.05,4082.64,126731.4706
2021-10-25,4082.09,4236.27,4069.22,4220.93,145753.841
2021-10-26,4221.16,4297,4091.31,4131.47,169619.8749
2021-10-27,4132.19,4314.63,3911,3923.94,279555.3815
2021-10-28,3925.26,4299,3889.05,4288.26,257149.8296
2021-10-29,4288.25,4461.96,4266.91,4421.23,257148.946
2021-10-30,4421.23,4435,4236.99,4324.67,123410.5944
2021-10-31,4325.55,4395.99,4168.1,4290.16,148206.0898
2021-11-01,4290.31,4385.16,4151,4322.89,165298.6687
2021-11-02,4322.89,4604.99,4287.32,4595.01,217839.7931
2021-11-03,4594.27,4671,4456,4606.07,213935.7567
2021-11-04,4606.07,4610.24,4423.01,4537.15,182872.9613
2021-11-05,4537.14,4574,4446.01,4479.47,142403.1474
2021-11-06,4479.47,4534.43,4329.21,4523.16,107961.5534
2021-11-07,4523.73,4639.8,4506.99,4617.02,85312.8561
2021-11-08,4617.27,4825,4616.5,4811.9,163884.2935
2021-11-09,4811.89,4842.54,4697.9,4731.59,154525.6046
2021-11-10,4731.58,4867.81,4460,4632.22,249949.6244
2021-11-11,4632.23,4783.05,4578.05,4721.87,112248.3026
2021-11-12,4721.07,4809.27,4508.42,4667.34,160383.4575
2021-11-13,4667.79,4708.6,4586.8,4644.44,76568.3365
2021-11-14,4644.43,4695.07,4516.05,4627.03,96933.0706
2021-11-15,4626.61,4770,4541,4565.06,121693.7609
2021-11-16,4564.34,4564.98,4108,4209.5,309826.4596
2021-11-17,4209.89,4300.01,4068.24,4289.4,197969.4733
2021-11-18,4289.4,4346.42,3960,3997.93,291477.6479
2021-11-19,3998.57,4314.82,3975.24,4299.55,191232.5614
2021-11-20,4299.55,4438.96,4206.03,4416.69,96882.121
2021-11-21,4416.36,4427.72,4246.07,4262.99,83775.3168
2021-11-22,4263.04,4322.86,4024.45,4089.16,174572.9893
2021-11-23,4089.17,4389.95,4062.28,4341.62,159935.238
2021-11-24,4341.58,4359.88,4168.99,4270.74,120268.6773
2021-11-25,4270.93,4555.11,4250,4525.87,132338.2817
2021-11-26,4527.03,4555.53,3915,4043.67,324817.5768
2021-11-27,4043.62,4186.97,4031.56,4098.31,93299.5627
2021-11-28,4098.53,4303.35,3950,4298.38,124752.7126
2021-11-29,4298.38,4466,4282.07,4449.42,170935.2073
2021-11-30,4449.42,4759,4350.91,4634.95,312105.0529
2021-12-01,4636.43,4784.5,4526.94,4586.95,241301.6956
2021-12-02,4586.87,4637.39,4435,4514.59,171913.6083
2021-12-03,4514.54,4662.75,4035,4216.93,312836.2506
2021-12-04,4216.3,4240,3575,4123.13,512946.9071
2021-12-05,4123.13,4257,4038.13,4203.22,250275.1399
2021-12-06,4203.22,4380.8,3913,4354.22,349333.8479
2021-12-07,4354.09,4433.99,4260,4310.19,198306.8585
2021-12-08,4310.21,4456.36,4226.88,4440.51,186740.137
2021-12-09,4440.94,4490.72,4076.15,4106.06,222048.2832
2021-12-10,4105.99,4232.38,3889.42,3900.91,273780.7217
2021-12-11,3899.97,4099.87,3835,4091.18,166327.1383
2021-12-12,4091.17,4186.16,3989.41,4132.92,108368.8575
2021-12-13,4132.91,4146.1,3660,3783.81,305712.33
2021-12-14,3784,3884.08,3686.49,3860.74,197099.242
2021-12-15,3860.72,4097,3643.43,4021.53,319094.2457
2021-12-16,4021.41,4116.39,3952.81,3957.28,174285.9332
2021-12-17,3957.12,3994.81,3699,3876.02,209823.2651
2021-12-18,3876.37,3999,3768.14,3961.92,113485.7752
2021-12-19,3961.93,4039.73,3886.03,3925.79,102078.8123
2021-12-20,3925.78,3984.08,3754.8,3946.16,172027.9157
2021-12-21,3946.59,4063.89,3908.13,4017.11,137991.5015
2021-12-22,4017.35,4075,3933.74,3981.12,110316.2604
2021-12-23,3980.82,4157.82,3895.7,4113.08,180980.0779
2021-12-24,4113.64,4138.71,4005,4049.65,109472.8975
2021-12-25,4049.81,4143.13,4021.31,4097.43,68854.0553
2021-12-26,4098.67,4106.5,4008.01,4065.91,66848.0837
2021-12-27,4066.14,4128.9,4027.56,4038.64,108344.5711
2021-12-28,4038.18,4038.68,3760.01,3793.67,203399.822
2021-12-29,3793.66,3828.18,3603,3630.59,167709.4231
2021-12-30,3630.18,3769.99,3585.85,3710.02,155011.951
2021-12-31,3710.01,3815.04,3619.78,3675.8,171634.9615
2022-01-01,3675.81,3777.82,3674.02,3765.72,98353.6255
2022-01-02,3765.98,3855.77,3718.2,3828.87,78466.3511
2022-01-03,3828.93,3851.66,3681.62,3766.04,106574.1336
2022-01-04,3766.01,3894.12,3714.22,3785,148752.5264
2022-01-05,3785,3848.2,3414.88,3539,240345.1386
2022-01-06,3539,3550.02,3300,3406.03,282771.6378
2022-01-07,3405.66,3415.52,3065,3198.82,376752.1563
2022-01-08,3198.96,3247.89,3000,3080.48,231676.1206
2022-01-09,3080.92,3212.46,3057.82,3151.66,131897.7538
2022-01-10,3151.65,3180.29,2928.69,3083.51,260769.1404
2022-01-11,3083.51,3265.98,3052.19,3240.83,158466.7074
2022-01-12,3240.83,3420.08,3206.72,3373.64,165432.4604
2022-01-13,3373.25,3413.36,3233.67,3241.88,130378.3016
2022-01-14,3241.6,3346.81,3188.34,3310.45,110175.1472
2022-01-15,3309.98,3373.56,3260,3328.12,58794.1725
2022-01-16,3327.81,3394.45,3275,3349.46,58643.3742
2022-01-17,3349.88,3360.07,3142.39,3210.98,128212.7203
2022-01-18,3211.08,3246.2,3083.68,3160.81,151969.4848
2022-01-19,3160.78,3176.81,3047,3085.27,159240.2496
2022-01-20,3084.49,3273.32,2986,3000.94,185761.3749
2022-01-21,3000.99,3034.7,2467.11,2569.01,603711.8291
2022-01-22,2568.12,2628.36,2301.6,2411.9,457765.0435
2022-01-23,2411.91,2551.3,2371.58,2541.19,248046.6846
2022-01-24,2541.19,2541.74,2159,2441.74,583901.1806
2022-01-25,2441.6,2509.87,2351.18,2460.68,268705.4172
2022-01-26,2460.4,2724,2400,2465,409131.3447
2022-01-27,2464.99,2521.96,2315.72,2425.82,272971.5128
2022-01-28,2425.01,2559.55,2358.63,2546.84,231189.514
2022-01-29,2546.84,2640,2521.72,2603.74,138968.3571
2022-01-30,2603.39,2642,2542.66,2602.89,103353.3664
2022-01-31,2602.63,2708.98,2478.31,2689.72,193802.1459
2022-02-01,2689.87,2815.49,2675.99,2789.66,212782.9026
2022-02-02,2789.62,2814.1,2613.42,2682.66,256394.5672
2022-02-03,2683.09,2729.01,2572.66,2697.59,197429.8521
2022-02-04,2697.59,2999,2672.84,2998.19,275254.7289
2022-02-05,2997.63,3063.48,2957.98,3014.5,159547.9362
2022-02-06,3014.83,3076.25,2950.26,3058.22,80118.0184
2022-02-07,3058.21,3199.08,2995.22,3141.89,232464.2845
2022-02-08,3141.84,3234.67,3027.56,3119.57,215565.0562
2022-02-09,3119.91,3274,3057.16,3246.22,159305.1438
2022-02-10,3246.28,3284.75,3057.81,3074.85,221267.3367
2022-02-11,3074.84,3140.86,2879.34,2929.08,268537.6643
2022-02-12,2929.09,2987.62,2857.11,2919.99,113168.1732
2022-02-13,2919.86,2955.65,2836.47,2872.84,82968.0833
2022-02-14,2872.83,2966.53,2830.01,2931.01,176105.1371
2022-02-15,2931.17,3199,2911.87,3186.24,180355.8032
2022-02-16,3186.24,3190,3043.41,3124.45,148463.9306
2022-02-17,3124.44,3162.35,2853,2893.56,210090.9138
2022-02-18,2894.52,2945.98,2752.67,2780.08,197402.2976
2022-02-19,2780.05,2833.3,2696.39,2764.44,111215.1442
2022-02-20,2764.53,2765.24,2575.75,2622.47,165033.103
2022-02-21,2622.47,2760.71,2559.77,2569,235808.7591
2022-02-22,2569.6,2667.28,2500.74,2637.98,241082.8165
2022-02-23,2638.2,2756.9,2576.69,2580.97,189232.9352
2022-02-24,2580.54,2750,2300,2597.42,495732.4605
2022-02-25,2597.39,2837.23,2572.23,2769.52,232940.2653
2022-02-26,2769.24,2880,2728.53,2780.71,118737.4594
2022-02-27,2780.76,2836.26,2558.48,2618.01,193491.837
2022-02-28,2617.79,2960.25,2570,2923.08,273216.3611
2022-03-01,2922.87,3040.7,2855.29,2977.72,249644.2541
2022-03-02,2977.72,3045,2914.9,2948.56,231625.4761
2022-03-03,2948.58,2972.07,2785.01,2833.66,191801.9442
2022-03-04,2833.71,2835.95,2575,2623.07,264628.6709
2022-03-05,2623.08,2685.93,2589.93,2665.77,74795.8149
2022-03-06,2665.94,2677,2536.4,2550.77,81556.0509
2022-03-07,2550.46,2649.81,2445,2491.58,209566.7379
2022-03-08,2491.29,2626.16,2480.33,2576.72,192900.8372
2022-03-09,2577.11,2774.26,2567.98,2727.6,178230.2913
2022-03-10,2727.86,2734.33,2553.42,2608.22,181463.0789
2022-03-11,2608.46,2679.56,2523.28,2556.42,155353.9803
2022-03-12,2556.39,2617.83,2552.52,2569.3,56451.0932
2022-03-13,2569.09,2603.56,2492.98,2516.41,71303.4949
2022-03-14,2516.42,2609.56,2499,2590.23,133881.3017
2022-03-15,2590.12,2670.53,2508.05,2619.15,161601.5086
2022-03-16,2619.01,2789.58,2604.32,2774.89,211196.0661
2022-03-17,2775.16,2839.59,2747.77,2814.67,228315.8183
2022-03-18,2814.62,2987,2768.25,2939.17,226096.281
2022-03-19,2939.18,2988.89,2895.37,2952.16,101087.6725
2022-03-20,2952.35,2965.94,2819.18,2862.44,103674.3663
2022-03-21,2862.44,2965.26,2832.97,2891.08,148907.4113
2022-03-22,2890.78,3053.98,2887.79,2970.51,192172.5504
2022-03-23,2970.51,3046.99,2920.64,3038.93,212170.392
2022-03-24,3037.82,3130.41,3003.51,3112.52,248655.8679
2022-03-25,3112.95,3195,3076.18,3104.15,220943.3972
2022-03-26,3103.91,3154.47,3086.2,3146.22,69714.8695
2022-03-27,3146.33,3299.99,3127.74,3296.29,122475.8318
2022-03-28,3296.24,3437.24,3275.57,3334.47,237110.1674
2022-03-29,3334.19,3483.87,3331.23,3401.71,174573.9693
2022-03-30,3401.7,3448.62,3333.87,3386.68,135283.4555
2022-03-31,3386.69,3447.03,3260.99,3283.08,168597.7118
2022-04-01,3283.08,3482.42,3211.66,3456.48,213450.7961
2022-04-02,3456.25,3532.85,3433.31,3445.38,117055.4434
2022-04-03,3445.25,3581.6,3413.66,3522.78,100873.7841
2022-04-04,3522.51,3548.51,3405.79,3520.66,155953.2313
2022-04-05,3520.5,3555.48,3395.8,3407,166478.1332
2022-04-06,3406.99,3408,3161.64,3168.52,311364.3304
2022-04-07,3168.1,3269.56,3143.07,3227.56,157725.4633
2022-04-08,3227.26,3313.79,3173.48,3192.54,137312.604
2022-04-09,3192.54,3269.74,3181.8,3258.99,48962.3269
2022-04-10,3259.45,3309.28,3189.92,3203.05,58700.6399
2022-04-11,3203.05,3214.88,2950,2979.55,238180.4173
2022-04-12,2979.32,3089.87,2950.35,3027.82,201291.8014
2022-04-13,3028.27,3129.92,2997.5,3119,135126.032
2022-04-14,3119.01,3145.19,2976,3021.78,131077.9921
2022-04-15,3021.68,3058.99,2993.29,3040.19,75091.0316
2022-04-16,3040.41,3086.83,3010.67,3060.35,46446.2201
2022-04-17,3060.35,3082.96,2981.52,2988.4,67328.6694
2022-04-18,2988.09,3071.26,2880,3056.19,165766.8395
2022-04-19,3055.86,3132.47,3029.58,3102.26,117657.2424
2022-04-20,3102.44,3169.29,3032.72,3077.06,117310.3937
2022-04-21,3077.16,3179.74,2940,2983.94,173634.2673
2022-04-22,2983.72,3033.76,2933.13,2963.05,147896.534
2022-04-23,2963.03,2979.57,2917.34,2933.44,50757.6175
2022-04-24,2933.45,2968.31,2911.9,2921.96,47964.5982
2022-04-25,2921.7,3026.93,2797.51,3007.22,231201.0813
2022-04-26,3007.24,3038.6,2766.77,2809.26,191167.4319
2022-04-27,2809.5,2920,2794.23,2889.78,172782.7176
2022-04-28,2889.78,2980.36,2853.83,2935.91,167061.0127
2022-04-29,2935.97,2946.68,2775.51,2816.94,204389.1748
2022-04-30,2816.77,2842.08,2716.4,2726.59,98131.7203
2022-05-01,2726.37,2849,2716.79,2824.86,98806.095
2022-05-02,2824.79,2883,2776.26,2856.21,205159.6696
2022-05-03,2856.3,2861.73,2753.66,2780.34,156812.9056
2022-05-04,2780.35,2969.86,2770.02,2939.98,173451.3095
2022-05-05,2939.98,2953.73,2687.88,2747.43,194599.9121
2022-05-06,2747.46,2757.78,2631.97,2691.72,184926.2619
2022-05-07,2691.89,2703.61,2585.79,2634.8,75304.2689
2022-05-08,2634.57,2641.4,2482,2519.1,136224.2228
2022-05-09,2518.82,2529.47,2222.22,2228.5,470978.6906
2022-05-10,2227.74,2458.09,2198.24,2340.51,464832.5381
2022-05-11,2340.66,2451.12,2000,2075.93,562341.5481
2022-05-12,2075.55,2188.14,1701,1954.39,803672.0758
2022-05-13,1954.27,2145.56,1934.61,2005.48,336488.2123
2022-05-14,2005.69,2066.4,1941.57,2053.33,118520.2326
2022-05-15,2053.43,2164.17,1997.44,2142.69,100927.0581
2022-05-16,2142.74,2142.82,1976.22,2020.58,188600.4288
2022-05-17,2020.57,2120,2005,2088.96,153232.4867
2022-05-18,2088.95,2108.8,1905.24,1911.98,180708.34
2022-05-19,1912.04,2039.52,1900.1,2017.57,206357.2589
2022-05-20,2017.36,2062.45,1919.56,1956.58,197708.3405
2022-05-21,1956.57,1988.3,1935,1972.64,54572.4917
2022-05-22,1972.64,2054.01,1963.4,2040.92,81822.3101
2022-05-23,2040.91,2087.6,1954.4,1971.06,202518.2574
2022-05-24,1970.85,1991.51,1909.51,1978.15,163986.4193
2022-05-25,1977.94,2020,1932.12,1940.83,164438.5562
2022-05-26,1940.48,1963.68,1734.5,1790.65,289942.9006
2022-05-27,1790.08,1820.84,1702.53,1724.83,341796.6399
2022-05-28,1724.8,1807.68,1719.76,1790.23,107501.2575
2022-05-29,1790.22,1825.22,1760.32,1811.1,84009.4339
2022-05-30,1811.27,2013,1801.21,1998.3,218864.0595
2022-05-31,1998.29,2015.54,1924.17,1940.59,242245.2227
2022-06-01,1940.49,1972.5,1761.59,1816.05,266690.7085
2022-06-02,1816.06,1852.01,1780,1832.45,174506.8242
2022-06-03,1832.62,1842.43,1735.79,1773.25,190669.3415
2022-06-04,1773.11,1814.4,1746.6,1803.35,64987.7804
2022-06-05,1803.47,1829.16,1771.77,1804.7,59938.5141
2022-06-06,1804.78,1918.47,1802.52,1858.21,184600.8629
2022-06-07,1858.44,1872.82,1725,1811.89,212923.7143
2022-06-08,1812.17,1838,1763.69,1790.72,170731.5809
2022-06-09,1790.63,1832.31,1775.67,1787.55,124180.4627
2022-06-10,1787.44,1802.85,1654.15,1660.78,236039.7206
2022-06-11,1660.77,1680.43,1499.79,1531.09,295048.5849
2022-06-12,1531.23,1545.5,1423,1433.19,308514.5426
2022-06-13,1432.97,1452.97,1163.31,1207.82,954717.1778
2022-06-14,1207.9,1266.34,1074.64,1207.58,681419.5106
2022-06-15,1207.58,1247,1012.72,1236.45,827548.4139
2022-06-16,1236.45,1257.04,1050.39,1066.87,411463.9778
2022-06-17,1067.07,1117.43,1049.19,1085.76,323648.9527
2022-06-18,1085.65,1096.64,879.8,993.64,581590.0842
2022-06-19,993.64,1156.99,933.6,1126.9,435976.0685
2022-06-20,1126.97,1168.18,1051.3,1126.84,314649.4596
2022-06-21,1127.04,1193,1107.87,1124.85,303835.0714
2022-06-22,1124.9,1126.44,1042.36,1048.96,270475.5697
2022-06-23,1048.93,1153.01,1043.68,1144,250147.3059
2022-06-24,1144.01,1244.78,1131.02,1224.47,252255.1881
2022-06-25,1224.26,1255,1178.77,1241.33,152145.8782
2022-06-26,1241.14,1280,1194.01,1197.13,151784.2101
2022-06-27,1196.99,1237.83,1171.88,1191.27,196439.9934
2022-06-28,1191.27,1236.21,1134.9,1142.65,217739.9734
2022-06-29,1142.47,1155.21,1085.41,1099.15,287668.0381
2022-06-30,1099.09,1105.61,997.02,1070.08,338995.2971
2022-07-01,1070.08,1115,1031.86,1057.57,324097.4813
2022-07-02,1058.3,1077.5,1025.95,1065.61,114219.7446
2022-07-03,1065.58,1087.33,1039.55,1072.88,110714.6005
2022-07-04,1072.9,1160,1043.47,1149.98,205563.7929
2022-07-05,1149.98,1172.38,1075.7,1131.26,267186.0568
2022-07-06,1131.16,1203.2,1110.56,1185.61,284112.1416
2022-07-07,1185.61,1254.04,1162.32,1237.13,347073.162
2022-07-08,1237.55,1275.51,1192.16,1213.19,321436.4688
2022-07-09,1213.38,1233.54,1203.7,1216.78,94148.2823
2022-07-10,1216.78,1219.41,1153.15,1167.68,110105.3327
2022-07-11,1167.66,1170.47,1079.8,1095.56,229708.4871
2022-07-12,1095.48,1097.35,1031.92,1037.34,334310.0738
2022-07-13,1037.5,1118,1005.25,1114.26,448221.8358
2022-07-14,1114.06,1213.26,1071.1,1192.7,340272.0076
2022-07-15,1192.67,1288.88,1180.16,1231.1,439762.0623
2022-07-16,1231.07,1423.31,1190.9,1355.7,281556.5477
2022-07-17,1355.5,1386.55,1318.79,1338.2,287292.9117
2022-07-18,1338.03,1597.58,1335.35,1581.34,586368.7627
2022-07-19,1581.09,1631.32,1492.66,1542.63,531595.1247
2022-07-20,1542.6,1621.44,1485.17,1522.12,399979.0288
2022-07-21,1521.88,1606.42,1463.26,1575.68,333578.084
2022-07-22,1575.44,1646.13,1516.75,1535.84,301049.3872
2022-07-23,1535.68,1596.87,1487.14,1549.15,179754.7121
2022-07-24,1549.16,1664.41,1546.7,1597.72,181245.8869
2022-07-25,1598.12,1610,1433.91,1440.75,309771.9001
2022-07-26,1440.63,1454.56,1356.3,1449.63,283778.3769
2022-07-27,1449.6,1645.46,1420.66,1636.4,388150.0835
2022-07-28,1636.53,1792.55,1592.36,1725.19,446776.8787
2022-07-29,1725.19,1766.56,1655.47,1722.25,311510.5358
2022-07-30,1722.46,1745.05,1674.05,1698.01,180720.7389
2022-07-31,1698.02,1754.25,1667.7,1679.31,130340.3773
2022-08-01,1679.31,1705,1606.9,1630.82,180669.8256
2022-08-02,1630.81,1679.28,1560,1631.28,246683.0606
2022-08-03,1631.1,1685.87,1590,1618.82,328786.4769
2022-08-04,1618.78,1663.35,1580.5,1608.16,323547.745
2022-08-05,1608.16,1742.52,1605.55,1736.79,415383.7678
2022-08-06,1737.12,1750,1685.99,1690.81,206524.4078
2022-08-07,1691.18,1730.26,1668.87,1700.42,177400.9777
2022-08-08,1700.52,1818.25,1693.41,1777.36,345585.0073
2022-08-09,1777.36,1791.33,1668.8,1703.35,353991.6433
2022-08-10,1703.35,1886.36,1656,1854.12,491866.385
2022-08-11,1854.42,1946.21,1850.95,1881.04,451248.1904
2022-08-12,1880.96,1966.89,1850.51,1959.91,301803.3865
2022-08-13,1959.94,2020.73,1947.19,1984.75,282479.091
2022-08-14,1984.72,2031.39,1906.51,1935.85,263413.8703
2022-08-15,1936,2013.47,1866.51,1899.39,473905.0782
2022-08-16,1899.05,1915.51,1852.85,1876.57,362478.8125
2022-08-17,1877.06,1957.59,1815,1834.61,450374.8269
2022-08-18,1834.52,1883.35,1821.02,1845.9,270253.6653
2022-08-19,1846.15,1848.29,1602.28,1608.72,731158.9894
2022-08-20,1608.64,1658.14,1523.54,1575.76,450361.0166
2022-08-21,1575.76,1646.69,1562.27,1617.84,397164.8188
2022-08-22,1617.88,1629.61,1528.93,1624.78,518834.5582
2022-08-23,1624.89,1674.12,1563.29,1665.93,445250.5807
2022-08-24,1665.95,1694.89,1604.6,1656.74,508562.942
2022-08-25,1656.54,1722.18,1653.57,1695.27,300950.8322
2022-08-26,1695.16,1706.41,1485.94,1508.02,570455.8062
2022-08-27,1508.04,1519.11,1446.62,1491.22,368067.5048
2022-08-28,1490.87,1511.12,1423.85,1426.63,292543.9348
2022-08-29,1426.29,1560.37,1420.74,1551.65,488169.7907
2022-08-30,1551.51,1606.34,1474.14,1524.81,544379.7084
2022-08-31,1524.61,1619.99,1524.12,1554,511240.9158
2022-09-01,1554.25,1599.51,1512.83,1586.23,327753.1314
2022-09-02,1586.1,1650,1546.2,1575.69,321184.0757
2022-09-03,1575.81,1582.69,1534.54,1557.7,129300.8124
2022-09-04,1557.55,1583.52,1540.59,1579.04,100143.2486
2022-09-05,1578.97,1631.44,1557.04,1618.01,183163.3834
2022-09-06,1617.87,1686.82,1554.03,1559.28,440790.4964
2022-09-07,1558.92,1657.68,1489.98,1629.92,335894.8244
2022-09-08,1629.61,1664.52,1594.31,1635.73,321019.1097
2022-09-09,1635.72,1746.87,1630.51,1719.21,343757.7099
2022-09-10,1719.38,1789.86,1706.94,1774.69,175467.8852
2022-09-11,1774.73,1789.98,1719.01,1766.95,153045.8917
2022-09-12,1766.97,1783.56,1692.45,1716.71,257983.6768
2022-09-13,1716.65,1761.04,1561.06,1574.71,456961.8497
2022-09-14,1574.4,1649.44,1552.88,1639.14,311641.0095
2022-09-15,1639.12,1655.55,1457.69,1472.68,415068.5766
2022-09-16,1472.85,1483.21,1404.31,1433.73,391498.2683
2022-09-17,1433.64,1476.22,1408.79,1468.97,193158.3696
2022-09-18,1468.9,1470.15,1325.48,1334.72,310480.6885
2022-09-19,1334.71,1392.94,1279,1376.17,381868.1287
2022-09-20,1376.23,1385,1312.4,1322.8,419548.0175
2022-09-21,1322.74,1412,1220,1245.65,569985.272
2022-09-22,1245.36,1348.87,1237,1326.43,563572.0823
2022-09-23,1326.14,1359.99,1261.9,1326.82,519153.4518
2022-09-24,1327.24,1349.31,1306.29,1317.25,206779.3994
2022-09-25,1317.49,1337.26,1269.41,1294.63,185703.7495
2022-09-26,1294.65,1341,1278.24,1336.61,416561.9781
2022-09-27,1336.45,1400.51,1303.66,1327.92,457125.646
2022-09-28,1327.87,1355.34,1253.65,1336.93,488408.6827
2022-09-29,1336.92,1351.85,1288.12,1336.02,409208.9618
2022-09-30,1336.04,1373.46,1315,1328.95,423994.5807
2022-10-01,1328.74,1333.99,1302.65,1311.76,98845.9733
2022-10-02,1311.79,1318,1269.69,1277.02,150803.126
2022-10-03,1276.84,1330.24,1262.45,1323.31,341841.34
2022-10-04,1323.44,1370.43,1318.82,1362.06,265741.9473
2022-10-05,1362.1,1364.93,1316.54,1352.48,297201.2486
2022-10-06,1352.37,1384.41,1345,1352.24,437205.2303
2022-10-07,1352.18,1362.14,1317.54,1331.14,268128.0743
2022-10-08,1331.12,1337.61,1303.76,1315.71,85052.2406
2022-10-09,1315.71,1329.33,1307.21,1323.41,98670.8501
2022-10-10,1323.27,1338.41,1287.66,1290.06,248135.4863
2022-10-11,1289.94,1297.95,1267,1279.94,361513.3864
2022-10-12,1279.87,1306.72,1274.73,1294.33,257271.5109
2022-10-13,1294.21,1301.85,1190,1286.96,533160.9912
2022-10-14,1286.89,1344.4,1283.26,1296.36,483178.8793
2022-10-15,1296.42,1302.14,1263.6,1275.09,146252.4643
2022-10-16,1275.16,1315.62,1274.61,1306.04,160206.6333
2022-10-17,1305.89,1338.69,1295.36,1331.49,274413.3863
2022-10-18,1331.57,1342.28,1286.67,1310.78,375586.2182
2022-10-19,1310.79,1313.8,1280.02,1284.76,249903.4964
2022-10-20,1284.92,1311.1,1270.34,1282.6,310500.8272
2022-10-21,1282.59,1307.18,1254,1299.83,307346.5337
2022-10-22,1299.94,1320.56,1294.17,1313.88,98142.7009
2022-10-23,1313.82,1370.66,1299.47,1364.06,182202.5178
2022-10-24,1363.93,1370.9,1324.04,1343.71,330219.4958
2022-10-25,1343.74,1525.38,1335.12,1460.34,738604.6667
2022-10-26,1460.34,1595.44,1457.41,1566.37,867339.435
2022-10-27,1566.46,1580,1502.8,1514.09,768442.4936
2022-10-28,1514.2,1577.89,1479.41,1554.83,517416.221
2022-10-29,1554.81,1664.29,1547.79,1620.09,371454.9697
2022-10-30,1620.18,1640.41,1576.24,1590.89,262404.1115
2022-10-31,1590.88,1635.7,1546.31,1572.67,442623.5512
2022-11-01,1572.58,1612.74,1563.05,1578.24,338781.9983
2022-11-02,1578.35,1622.24,1502,1518.04,597803.7167
2022-11-03,1518.15,1558.95,1515,1530.81,417983.1972
2022-11-04,1530.81,1677,1528.01,1644.61,595048.8779
2022-11-05,1644.84,1667.03,1621.05,1627,191562.1544
2022-11-06,1627.17,1638.72,1564.17,1568.34,206626.5159
2022-11-07,1568.27,1608.66,1545.97,1568.34,420305.1339
2022-11-08,1568.45,1580,1227.4,1334.25,1191644.9891
2022-11-09,1333.97,1337.49,1071.11,1099.9,1483345.1034
2022-11-10,1099.9,1347.62,1083.95,1295.36,898160.5122
2022-11-11,1295.55,1307.36,1197.9,1285.29,807406.0537
2022-11-12,1285.57,1289.16,1235.53,1255.14,252702.8126
2022-11-13,1254.98,1272,1198.99,1219.43,245429.7415
2022-11-14,1219.4,1289.17,1169.4,1241.56,524054.2638
2022-11-15,1241.58,1289.78,1232.56,1251.74,417549.5609
2022-11-16,1251.95,1266.99,1185.2,1215.21,430253.1372
2022-11-17,1215.2,1227.34,1181.02,1199.44,347569.9606
2022-11-18,1199.39,1232.37,1198.01,1210.93,276244.2536
2022-11-19,1210.73,1231.62,1196.27,1216.12,154207.5746
2022-11-20,1216.31,1225.26,1130.2,1140.07,309725.6813
2022-11-21,1140.04,1145,1080,1105.91,645537.1525
2022-11-22,1105.68,1141.26,1073.42,1138.17,571006.8633
2022-11-23,1138.25,1189.51,1126.22,1183.53,488293.7072
2022-11-24,1183.55,1216.1,1179.1,1202.81,347857.6928
2022-11-25,1202.78,1206.84,1170.17,1198.66,255469.5102
2022-11-26,1198.65,1234.97,1195.54,1204.8,194599.6301
2022-11-27,1204.89,1222.81,1188.31,1193.3,160395.22
2022-11-28,1193.46,1198.87,1150.09,1167.24,336303.0681
2022-11-29,1167.22,1227.08,1157.37,1215.91,334230.2586
2022-11-30,1216.04,1311.76,1212,1294.77,513868.9492
2022-12-01,1294.68,1302,1262.85,1276.48,341051.4466
2022-12-02,1276.48,1297.57,1265.56,1295.63,312335.4294
2022-12-03,1295.63,1308.89,1236.42,1240.91,233057.3279
2022-12-04,1240.91,1287.44,1240.27,1279.68,195680.2773
2022-12-05,1279.67,1305.75,1246.73,1259.23,334071.8468
2022-12-06,1259.32,1274.57,1241.83,1271.19,310591.4328
2022-12-07,1271.36,1277.49,1215,1231.56,294892.0653
2022-12-08,1231.49,1292.58,1221.72,1280.33,305010.1015
2022-12-09,1280.15,1296.55,1255.61,1262.95,268613.5175
2022-12-10,1262.75,1283.4,1259.59,1266.45,127080.3518
2022-12-11,1266.45,1284.68,1255.7,1262.92,136453.2641
2022-12-12,1263.08,1279.22,1240,1275.72,244239.651
2022-12-13,1275.74,1351.05,1255.67,1320.47,340963.9356
2022-12-14,1320.47,1351.87,1300.85,1307.47,490007.7802
2022-12-15,1307.42,1311.5,1259.37,1266.48,394788.3807
2022-12-16,1266.48,1279.99,1155.55,1166.98,529307.0557
2022-12-17,1166.98,1190,1161.83,1187.06,227688.4072
2022-12-18,1187.17,1196.6,1172.43,1183.32,174291.5848
2022-12-19,1183.37,1195.34,1150.34,1167.6,324622.2584
2022-12-20,1167.59,1231.28,1163.02,1216.69,341462.5791
2022-12-21,1216.76,1222.99,1203.06,1213.7,237732.8981
2022-12-22,1213.7,1238.76,1182.43,1217.5,316565.6083
2022-12-23,1217.48,1231.7,1210.6,1219.92,287942.0491
2022-12-24,1219.99,1227.47,1213.7,1220.51,135682.6397
2022-12-25,1220.49,1224.1,1193.17,1218.37,167839.6524
2022-12-26,1218.41,1230.92,1209,1227.58,133431.0078
2022-12-27,1227.66,1233.75,1199.58,1210.99,214552.82
2022-12-28,1211.06,1215.38,1180.04,1189.24,301571.0601
2022-12-29,1189.33,1206.07,1186.13,1199.74,240611.2708
2022-12-30,1199.73,1201.64,1180.44,1199.1,228129.4873
2022-12-31,1199.19,1208,1191.01,1195.25,144035.6384
2023-01-01,1195.25,1204.17,1190.03,1199.92,110146.3399
2023-01-02,1199.97,1224.59,1192.41,1213.69,181181.0204
2023-01-03,1213.77,1219.79,1204.04,1214.21,185992.2783
2023-01-04,1214.21,1272.01,1212.17,1256.34,339875.3983
2023-01-05,1256.35,1259.77,1239.97,1250.88,236940.933
2023-01-06,1250.87,1276.6,1234.2,1268.84,290563.2709
2023-01-07,1268.94,1270.83,1260.75,1263.94,105755.0768
2023-01-08,1263.84,1295.38,1257.34,1289.92,158918.8523
2023-01-09,1289.73,1345.87,1285,1320.02,422757.6691
2023-01-10,1320,1348.19,1316.63,1335.56,312409.2266
2023-01-11,1335.69,1397.98,1319.81,1389.24,323378.09
2023-01-12,1389.21,1438.55,1361.39,1416.05,498193.376
2023-01-13,1416.05,1466,1400.75,1451.78,360619.2295
2023-01-14,1451.7,1597.99,1449.38,1550.06,416565.1555
2023-01-15,1550.06,1567.37,1516.06,1552.89,239830.6285
2023-01-16,1552.83,1603.91,1521.01,1576.85,358689.237
2023-01-17,1577.01,1608.65,1540.49,1565.68,305156.2422
2023-01-18,1565.52,1612.66,1500.32,1510.83,448866.8367
2023-01-19,1510.9,1564.61,1508.87,1550.98,301311.8662
2023-01-20,1550.96,1668,1541.94,1658.25,384319.5676
2023-01-21,1658.36,1680,1617.29,1626.8,279483.4849
2023-01-22,1626.83,1664.42,1603.39,1627.88,260032.8545
2023-01-23,1628.01,1648.56,1584.43,1626.55,318174.3354
2023-01-24,1626.71,1641.72,1528.95,1556.09,328086.3625
2023-01-25,1556.1,1640.92,1513.77,1612.54,400283.9616
2023-01-26,1612.64,1633.55,1577.61,1601.1,287943.1663
2023-01-27,1601.14,1622.32,1550,1598.18,268869.6884
2023-01-28,1598.14,1606.99,1556.21,1572.3,157162.9226
2023-01-29,1572.4,1661,1566.61,1644.89,248495.1657
2023-01-30,1644.79,1647.73,1534.71,1566.23,338686.6494
2023-01-31,1566.23,1605.01,1561.43,1585.39,260524.3248
2023-02-01,1585.32,1647.75,1556.83,1642.05,249363.5571
2023-02-02,1642.06,1714.83,1625.86,1643.19,247393.6719
2023-02-03,1643.14,1676.53,1625,1663.69,174700.8744
2023-02-04,1663.63,1695,1645.33,1666.83,87920.7891
2023-02-05,1666.83,1673.81,1608.91,1629.37,98366.9579
2023-02-06,1629.44,1658.41,1605,1614.5,127337.9625
2023-02-07,1614.57,1678.57,1613.26,1671.28,160326.3143
2023-02-08,1671.27,1699.66,1630.33,1650.65,160919.2867
2023-02-09,1650.65,1656.02,1524.31,1545.54,208804.3736
2023-02-10,1545.64,1554.89,1491.44,1513.04,208821.8575
2023-02-11,1513.04,1543.61,1505.05,1538.86,45695.8488
2023-02-12,1538.85,1548.2,1493.77,1515.25,63658.2777
2023-02-13,1515.24,1526.64,1462,1506.29,184081.9874
2023-02-14,1506.29,1569.16,1490.23,1556.67,166683.0389
2023-02-15,1556.52,1682.45,1540.85,1674.88,194454.2272
2023-02-16,1674.8,1742.5,1633.63,1637.83,265109.6228
2023-02-17,1637.88,1722.07,1630.2,1694.37,193779.1053
2023-02-18,1694.32,1713.75,1680.14,1691.82,83934.5636
2023-02-19,1691.81,1727,1666.67,1680.23,125069.2593
2023-02-20,1680.42,1720.02,1650.72,1703.63,128111.1541
2023-02-21,1703.62,1716.82,1636.42,1659.76,165366.2306
2023-02-22,1659.76,1667.14,1594.84,1642.95,225280.0277
2023-02-23,1642.99,1679.03,1629.3,1650.62,193711.798
2023-02-24,1650.62,1664.65,1575.44,1607.57,220198.2
2023-02-25,1607.64,1609.05,1557.89,1594.51,101537.7912
2023-02-26,1594.5,1651.6,1587.64,1641.41,102165.0262
2023-02-27,1641.34,1665.29,1608.23,1633.26,168619.9568
2023-02-28,1633.22,1647.6,1597.32,1605.4,121647.0773
2023-03-01,1605.59,1669.9,1595,1665.2,159957.7635
2023-03-02,1665.2,1678.14,1619,1647.87,142104.5456
2023-03-03,1647.82,1649.28,1547.54,1569.54,215881.0994
2023-03-04,1569.55,1577.6,1550,1566.72,30134.4472
2023-03-05,1566.72,1588.35,1553.5,1564.81,63988.3525
2023-03-06,1564.8,1583.19,1554.8,1565.85,110665.7027
2023-03-07,1565.82,1584.23,1535.7,1561.67,159584.1728
2023-03-08,1561.61,1570.77,1522.73,1532.17,167130.9734
2023-03-09,1532.11,1546.09,1407,1437.41,275519.0176
2023-03-10,1437.39,1438.7,1369.79,1432.15,378169.2201
2023-03-11,1432.15,1499,1416.98,1483.68,237241.3932
2023-03-12,1483.62,1612,1459.79,1592.31,173448.4779
2023-03-13,1592.04,1702.6,1571,1681.93,327008.796
2023-03-14,1681.93,1787.74,1650.45,1704.95,396668.7062
2023-03-15,1704.9,1722.79,1613.7,1656.8,307749.3118
2023-03-16,1656.7,1696,1637.72,1677.24,176868.3834
2023-03-17,1677.36,1803.73,1666.16,1793.66,329141.0828
2023-03-18,1793.61,1846,1752.52,1763.68,235521.5757
2023-03-19,1763.88,1846.77,1762.62,1786.4,191354.7165
2023-03-20,1786.37,1809.1,1728.52,1739.42,249197.0684
2023-03-21,1739.28,1839.99,1724.37,1807.23,215769.9432
2023-03-22,1806.79,1823.8,1715.17,1739.18,196097.24
2023-03-23,1738.99,1861.67,1733.77,1817.49,182879.5174
2023-03-24,1817.27,1822.55,1728.27,1751.93,193658.4641
2023-03-25,1751.79,1764.93,1715.23,1743.8,80639.9968
2023-03-26,1743.69,1801.02,1741.01,1775.86,81741.2968
2023-03-27,1775.85,1782.19,1688,1716.42,120123.6961
2023-03-28,1716.13,1795.54,1701.81,1773.7,126114.4621
2023-03-29,1773.82,1827.7,1772.99,1793.41,124064.2834
2023-03-30,1793.4,1829.82,1762.94,1793.68,136706.0063
2023-03-31,1793.68,1847.12,1779.47,1822.01,150470.3425
2023-04-01,1822.11,1843,1809.12,1821.73,75499.2144
2023-04-02,1821.69,1825.97,1773.25,1795.37,53524.5008
2023-04-03,1795.41,1839.99,1763.58,1810.92,156367.8169
2023-04-04,1810.91,1892.1,1802.76,1871.36,160288.1082
2023-04-05,1871.19,1943.64,1865.24,1908.9,159154.2004
2023-04-06,1908.89,1910.59,1854.06,1873.29,106044.6122
2023-04-07,1873.28,1883.35,1842.25,1865.02,59267.0182
2023-04-08,1865.02,1880.56,1848.21,1850.06,38479.7079
2023-04-09,1849.83,1874.78,1823.11,1859.84,57884.0093
2023-04-10,1859.85,1920,1847.5,1911.23,100746.4523
2023-04-11,1911.22,1938.85,1883.24,1891.82,115741.8221
2023-04-12,1891.78,1934.08,1855.79,1918.91,156466.304
2023-04-13,1918.9,2025,1901.12,2013.98,199544.5167
2023-04-14,2014.12,2131.2,2011.2,2101.85,261883.2892
2023-04-15,2101.81,2112.88,2073.79,2092.45,82555.5453
2023-04-16,2092.44,2142.85,2074.32,2120.07,87897.6724
2023-04-17,2120.01,2122.02,2058,2075.63,111821.3611
2023-04-18,2075.63,2125,2052.52,2104.61,98463.8345
2023-04-19,2104.54,2105.9,1923.33,1934.8,180156.7895
2023-04-20,1934.63,1983.34,1914.16,1943.16,127783.1586
2023-04-21,1942.91,1956.81,1824.67,1848.16,184098.4875
2023-04-22,1848.21,1887.88,1842.11,1874.48,58568.7636
2023-04-23,1874.48,1882.6,1837.3,1861.9,59392.1562
2023-04-24,1861.91,1890,1805.38,1842.17,151059.347
2023-04-25,1842.11,1878.16,1801.46,1866.23,121957.8215
2023-04-26,1866.22,1965.04,1785.51,1866.73,220757.7926
2023-04-27,1866.73,1939.56,1862.08,1908.92,173658.7765
2023-04-28,1908.92,1924.79,1875,1892.54,102737.1459
2023-04-29,1892.43,1919.15,1884.58,1908.96,43424.3688
2023-04-30,1908.96,1939.76,1866.5,1870.76,68260.392
2023-05-01,1870.67,1887.12,1805.95,1831.41,123062.8439
2023-05-02,1831.36,1882.55,1823.21,1871.26,96998.0968
2023-05-03,1871.27,1917.16,1843.52,1905.89,104714.6702
2023-05-04,1905.89,1918.34,1867.71,1878.01,69495.919
2023-05-05,1878.25,2000,1876.36,1995.76,181402.9864
2023-05-06,1995.77,2020,1864.06,1900.12,112739.2156
2023-05-07,1900.12,1936.45,1870.61,1873.27,74231.1547
2023-05-08,1873.28,1886.87,1810,1849.11,168218.4351
2023-05-09,1849.11,1862.57,1832,1847.7,93273.2279
2023-05-10,1847.5,1888.97,1789.75,1842.47,176402.424
2023-05-11,1842.33,1843.62,1772.26,1795.24,133802.644
2023-05-12,1795.22,1817.25,1737.76,1808.35,138780.0841
2023-05-13,1808.24,1817.32,1786.44,1795.99,51855.718
2023-05-14,1796.01,1824.67,1790.49,1800.03,46196.5709
2023-05-15,1800,1848.05,1785.52,1816.79,117667.1957
2023-05-16,1816.8,1833.25,1796.86,1824.64,82503.8467
2023-05-17,1824.57,1837.15,1783.59,1822.49,94085.0392
2023-05-18,1822.46,1831.84,1770.88,1800.61,80676.4533
2023-05-19,1800.61,1830,1797.08,1812.84,64344.1142
2023-05-20,1812.84,1829.85,1807.26,1819.96,33384.7997
2023-05-21,1819.9,1829.53,1797.19,1805.28,33106.3597
2023-05-22,1805.35,1829.51,1791.99,1817.76,65551.7067
2023-05-23,1817.76,1873.7,1815.59,1854.41,86046.4089
2023-05-24,1854.42,1854.75,1774.56,1799.75,91642.8918
2023-05-25,1799.79,1818.94,1759.45,1805.83,83744.8701
2023-05-26,1805.76,1838.96,1796.75,1828.43,69736.7828
2023-05-27,1828.32,1837,1812.92,1830.67,28429.5075
2023-05-28,1830.6,1921,1823.86,1909.25,81609.2088
2023-05-29,1909.1,1928.51,1874.14,1893.2,91048.5819
2023-05-30,1893.18,1917.61,1881.93,1901.11,96724.9347
2023-05-31,1901.1,1908.04,1847.61,1874.04,93058.7248
2023-06-01,1874.08,1889.29,1839.72,1862.43,96470.723
2023-06-02,1862.33,1911.31,1847.66,1907.41,87806.0545
2023-06-03,1907.44,1909.63,1882.42,1892.62,33883.0031
2023-06-04,1892.62,1914.83,1884.72,1890.23,32506.2534
2023-06-05,1890.22,1891.34,1777.25,1811.21,133729.388
2023-06-06,1811.21,1898.25,1796.52,1884.95,117911.6278
2023-06-07,1884.93,1898,1820,1832.49,126979.8036
2023-06-08,1832.43,1861.59,1828.63,1845.99,53739.2409
2023-06-09,1846.21,1855.44,1826.92,1840.46,61326.0711
2023-06-10,1840.46,1845.19,1716.24,1752.32,180377.3272
2023-06-11,1752.32,1778.65,1739,1753.1,67320.6584
2023-06-12,1753.1,1759.58,1719.74,1742.66,104213.3574
2023-06-13,1742.69,1766.23,1723.68,1739.54,112831.2606
2023-06-14,1739.51,1749.85,1630,1650.84,124654.0255
2023-06-15,1650.84,1678.91,1620.15,1665.28,137062.4302
2023-06-16,1665.17,1727.8,1648.29,1716.8,88651.5005
2023-06-17,1716.71,1769.08,1712.96,1727.09,45580.8762
2023-06-18,1727.15,1747.4,1712.61,1720.43,37169.4234
2023-06-19,1720.4,1750.71,1698.53,1736.58,64986.6797
2023-06-20,1736.45,1797.24,1713.79,1792.86,131094.3113
2023-06-21,1792.71,1901.86,1787.4,1889.57,205714.821
2023-06-22,1889.46,1933.72,1866.57,1872.13,136777.1423
2023-06-23,1872.13,1936.68,1861.37,1893.66,112622.7196
2023-06-24,1893.74,1906.86,1865.64,1875.87,44081.4751
2023-06-25,1875.88,1930.66,1869.88,1899.73,67353.841
2023-06-26,1899.8,1908.95,1836.25,1859.19,89749.7276
2023-06-27,1859.19,1912.6,1855.41,1889.82,92097.0133
2023-06-28,1889.77,1890.49,1816,1827.37,101759.5554
2023-06-29,1827.3,1879.6,1826.43,1852.11,72773.6432
2023-06-30,1851.98,1946.75,1823.2,1933.57,211965.8346
2023-07-01,1933.7,1944.32,1908.65,1924.14,56737.843
2023-07-02,1924.14,1959.7,1885.33,1937.26,85221.9886
2023-07-03,1937.28,1976.99,1933.46,1955.76,104013.3052
2023-07-04,1955.76,1967.07,1931.7,1936.42,61516.6348
2023-07-05,1936.44,1942.66,1894.18,1910.14,70482.0654
2023-07-06,1910.15,1957.76,1845.7,1845.8,124378.7692
2023-07-07,1846.04,1878.09,1825.38,1870.93,86368.399
2023-07-08,1870.9,1873.23,1842.57,1865.56,49501.0372
2023-07-09,1865.56,1879.35,1856.62,1863.01,34389.8494
2023-07-10,1862.99,1905.83,1846.99,1880.62,90689.061
2023-07-11,1880.62,1891.7,1862.23,1878.66,58861.8443
2023-07-12,1878.58,1905,1864.17,1871.65,91650.6761
2023-07-13,1871.65,2014.26,1862.44,2005.95,217841.3841
2023-07-14,2005.95,2029.34,1898.88,1938.91,164795.0315
2023-07-15,1938.99,1947.04,1926.92,1931.9,40675.7304
2023-07-16,1931.89,1944.15,1914.75,1923.38,39618.8152
2023-07-17,1923.21,1936.93,1873.61,1911.38,132065.0063
2023-07-18,1911.26,1917.49,1876.01,1897.72,129808.3219
2023-07-19,1897.72,1922.33,1882.15,1888.73,111607.1389
2023-07-20,1888.65,1929.03,1877.77,1891.72,100239.016
2023-07-21,1891.76,1905.41,1884.43,1891.92,55235.3953
2023-07-22,1891.92,1897.62,1851.35,1866.69,42352.4059
2023-07-23,1866.61,1905.24,1858.19,1888.65,61563.2902
2023-07-24,1888.64,1890.93,1832.83,1849.69,127978.1813
2023-07-25,1849.68,1868.14,1844.69,1857.28,57419.4271
2023-07-26,1857.29,1887.75,1848.03,1871.92,72684.1481
2023-07-27,1871.92,1886.15,1854.39,1860.88,53353.0543
2023-07-28,1860.87,1882.77,1856.18,1874.05,52759.6758
2023-07-29,1874.01,1886.26,1869.1,1880.71,23628.0315
2023-07-30,1880.88,1885.46,1848.81,1861.65,49111.6749
2023-07-31,1861.65,1876.82,1850.55,1856,84251.9242
2023-08-01,1856.09,1874.88,1812,1872.89,160513.3086
2023-08-02,1872.78,1878.86,1820.1,1838.92,102912.6076
2023-08-03,1838.91,1857.6,1824,1834.34,70134.4496
2023-08-04,1834.34,1849.99,1813.45,1827.3,72934.7826
2023-08-05,1827.3,1837.16,1824.45,1834.66,24788.0679
2023-08-06,1834.66,1836.92,1823.7,1827.5,25736.9264
2023-08-07,1827.49,1844.11,1800,1826.9,80578.4648
2023-08-08,1826.9,1876.1,1824,1855.71,90813.3629
2023-08-09,1855.71,1870.85,1843.35,1854.09,67061.6479
2023-08-10,1854.09,1864.35,1844.07,1850.38,47379.8229
2023-08-11,1850.38,1855.54,1836.41,1846.76,51401.3499
2023-08-12,1846.77,1852.7,1844.93,1849.09,20642.383
2023-08-13,1849.08,1859.99,1833.03,1838.98,28666.8203
2023-08-14,1838.98,1854.19,1833.27,1844.01,50098.0583
2023-08-15,1844,1845.65,1811.34,1827.19,50058.3107
2023-08-16,1827.19,1829.39,1795.15,1805.51,67033.539
2023-08-17,1805.51,1808.18,1540,1681.42,189703.4928
2023-08-18,1681.46,1699.33,1640.18,1661.4,160133.3634
2023-08-19,1661.28,1696,1653.84,1669.65,54692.6161
2023-08-20,1669.65,1694.48,1661.83,1685.39,46426.8881
2023-08-21,1685.36,1688.1,1648.65,1667.2,79186.3761
2023-08-22,1667.2,1669.11,1579.34,1634.33,110850.7695
2023-08-23,1634.32,1700.46,1628.81,1679.22,111905.5073
2023-08-24,1679.21,1683.16,1634.73,1660.36,77217.2333
2023-08-25,1660.41,1676.19,1634.54,1652.75,83010.449
2023-08-26,1652.77,1654.74,1643,1646.25,18986.9155
2023-08-27,1646.26,1659.43,1645.38,1657.51,22244.7085
2023-08-28,1657.5,1662.7,1621.04,1651.94,60673.3249
2023-08-29,1651.93,1745.88,1639.04,1729.34,122275.5841
2023-08-30,1729.26,1730.96,1694.98,1705.47,61097.3514
2023-08-31,1705.46,1726.16,1629.76,1645.58,116578.1587
2023-09-01,1645.58,1654.27,1601.69,1628.46,92601.6919
2023-09-02,1628.46,1644.64,1627.43,1636.83,30753.439
2023-09-03,1636.83,1646.97,1624.93,1635.68,36069.9532
2023-09-04,1635.65,1644.57,1615.85,1629.75,43034.4118
2023-09-05,1629.75,1646.66,1608.85,1633.85,54592.6958
2023-09-06,1633.85,1669,1608.17,1632.08,64159.1134
2023-09-07,1632.09,1659.1,1622.41,1647.44,60902.5901
2023-09-08,1647.44,1658.29,1615.65,1635.94,58305.4897
2023-09-09,1635.94,1637.14,1629.32,1635.14,13173.5016
2023-09-10,1635.15,1635.66,1596.78,1616.65,46891.0589
2023-09-11,1616.68,1618.61,1530.6,1551.36,122138.1335
2023-09-12,1551.33,1624.99,1549.21,1593.07,92121.7866
2023-09-13,1592.92,1618.56,1581.65,1608.06,71432.2813
2023-09-14,1608.06,1644.4,1607.48,1627.18,84810.5747
2023-09-15,1627.17,1653.52,1611.52,1641.49,46587.3074
2023-09-16,1641.48,1652.54,1631.88,1634.87,25839.7263
2023-09-17,1634.87,1635.66,1612.35,1622.83,28240.6347
2023-09-18,1622.93,1669.43,1603.55,1636.94,82672.7544
2023-09-19,1636.93,1661.05,1626.77,1643.42,53665.4342
2023-09-20,1643.41,1649.57,1604.91,1622.27,69413.6481
2023-09-21,1622.26,1625.23,1567.81,1583.86,70280.5736
2023-09-22,1583.86,1602.43,1576.52,1593.03,49010.2439
2023-09-23,1593.04,1598.19,1587.97,1593.85,17727.3415
2023-09-24,1593.84,1600.89,1570.35,1580.64,32773.5282
2023-09-25,1580.59,1597.12,1563,1587.75,62583.9307
2023-09-26,1587.75,1598.84,1579.47,1593,49000.8981
2023-09-27,1593,1632.94,1582.38,1597.65,80254.4465
2023-09-28,1597.65,1668.55,1596.93,1652.94,136755.3821
2023-09-29,1652.94,1688.16,1648.33,1667.21,96959.8199
2023-09-30,1667.2,1694.25,1665.98,1670.84,52608.9232
2023-10-01,1670.84,1755.2,1668.51,1733.4,75393.9344
2023-10-02,1733.42,1743.84,1637.82,1662.62,158288.8722
2023-10-03,1662.62,1670.61,1643.56,1656.91,75294.2378
2023-10-04,1656.91,1657.91,1626.01,1646.58,80420.091
2023-10-05,1646.58,1655.28,1608,1611.63,88002.9778
2023-10-06,1611.83,1662.23,1611.78,1645.95,71144.4194
2023-10-07,1645.9,1648.7,1631.01,1634.65,27241.9143
2023-10-08,1634.64,1642.33,1617.31,1633.78,38081.1482
2023-10-09,1633.77,1636.51,1548.22,1580.13,102399.5598
2023-10-10,1580.13,1595.15,1550.18,1567.63,79103.8296
2023-10-11,1567.63,1578.53,1545.5,1566.46,79781.2531
2023-10-12,1566.45,1568.05,1520.85,1539.25,68485.9994
2023-10-13,1539.26,1574.66,1537.31,1552.04,63935.583
2023-10-14,1552.03,1561.53,1544.65,1554.87,20369.5543
2023-10-15,1554.98,1566.92,1548.3,1558.01,28564.73
2023-10-16,1558.01,1641.41,1555.2,1600.02,140896.4686
2023-10-17,1600.03,1601.44,1552.74,1565.24,63796.8799
2023-10-18,1565.25,1586.27,1556.01,1563.67,57059.2355
2023-10-19,1563.66,1576.25,1542.36,1567.48,59230.7661
2023-10-20,1567.5,1632.11,1562,1604.96,110280.4028
2023-10-21,1604.94,1644.77,1593.06,1629.38,63605.3469
2023-10-22,1629.37,1668.28,1622.36,1664.43,64860.7669
2023-10-23,1664.43,1799.55,1657.95,1766.27,191320.1592
2023-10-24,1766.24,1854.62,1725.79,1785.28,261859.9008
2023-10-25,1785.06,1818.29,1760.2,1787.58,126450.2986
2023-10-26,1787.58,1865.86,1762.67,1803.57,162066.4581
2023-10-27,1803.56,1804.29,1745.05,1779.81,90425.0423
2023-10-28,1779.78,1803.48,1770.8,1776.48,34085.1727
2023-10-29,1776.48,1811.68,1763.25,1795.74,48201.5605
2023-10-30,1795.63,1830.64,1778.24,1809.69,80444.0717
2023-10-31,1809.67,1820,1781.62,1815.14,80270.4977
2023-11-01,1815.14,1859,1783.48,1847.74,139857.4967
2023-11-02,1847.74,1875,1785.03,1801.31,110389.5555
2023-11-03,1801.31,1836.16,1777,1833.76,79637.2413
2023-11-04,1833.64,1870.32,1825.11,1857.23,38916.346
2023-11-05,1857.17,1913.57,1847.46,1893.16,82496.3995
2023-11-06,1893.13,1916.13,1870.64,1901.68,97625.9482
2023-11-07,1901.67,1908.07,1851.01,1885.93,122337.3394
2023-11-08,1885.93,1905.3,1873.55,1888.84,74827.0916
2023-11-09,1888.86,2131.91,1882.84,2121.3,290571.5284
2023-11-10,2120.88,2136.53,2066,2078.57,148151.5915
2023-11-11,2078.57,2091.61,2032.14,2053.83,84815.4369
2023-11-12,2053.94,2066.93,2013.5,2046.06,50912.2359
2023-11-13,2046.06,2118.65,2029.28,2053.99,144429.2032
2023-11-14,2054.31,2065.48,1933,1979.61,136319.6702
2023-11-15,1979.45,2063.58,1967.19,2059.38,152595.8827
2023-11-16,2059.46,2100,1909.37,1961.76,178044.6334
2023-11-17,1961.66,1991.25,1906.15,1961.57,125667.8374
2023-11-18,1961.53,1972.38,1917.96,1963.76,45737.1294
2023-11-19,1963.75,2016.6,1944.65,2012.29,55072.3029
2023-11-20,2012.68,2067.79,1993.59,2022.55,146484.6842
2023-11-21,2022.56,2035.77,1930.86,1933.45,136174.2001
2023-11-22,1933.52,2092.66,1929.26,2063.94,146760.1198
2023-11-23,2063.95,2089.18,2040.23,2062.78,84629.7152
2023-11-24,2062.51,2134.16,2059.7,2082.61,127130.6017
2023-11-25,2082.74,2091.72,2067.11,2084.02,32637.8183
2023-11-26,2084,2095.16,2037.8,2063.09,57167.2639
2023-11-27,2063.13,2072,1985.72,2027.47,125768.1595
2023-11-28,2027.46,2076,1995.29,2049.08,100207.9153
2023-11-29,2048.94,2075.84,2019.63,2029.11,75542.2173
2023-11-30,2029.14,2055.74,2020.96,2053.1,75775.8013
2023-12-01,2053.08,2112.09,2045.99,2088.4,142736.1284
2023-12-02,2088.43,2190.48,2086.97,2165.76,83470.6601
2023-12-03,2165.85,2217.78,2150.3,2194.13,78192.2568
2023-12-04,2194.12,2274.95,2192.41,2243.29,156712.8668
2023-12-05,2243.25,2309.82,2187.97,2293.97,167077.7725
2023-12-06,2293.96,2312.75,2219.61,2232.8,134193.6573
2023-12-07,2233.08,2384,2222.58,2356.57,159654.7168
2023-12-08,2356.4,2392.35,2338.25,2358.59,130139.8192
2023-12-09,2359.01,2403.37,2329.35,2341.28,69627.4831
2023-12-10,2341.48,2377.61,2322.53,2352.29,44645.6129
2023-12-11,2352.71,2354.99,2127.36,2224.06,193291.0654
2023-12-12,2224.15,2243.23,2164.82,2202.34,128295.6889
2023-12-13,2202.39,2284.98,2144.52,2260.69,141516.2879
2023-12-14,2260.69,2332.39,2229.9,2315.95,142369.0229
2023-12-15,2315.81,2318.39,2199.76,2220.31,122773.5705
2023-12-16,2220.44,2262,2209.68,2227.29,49598.4303
2023-12-17,2227.19,2247.08,2189.89,2194.75,56323.1405
2023-12-18,2194.45,2223.31,2115.22,2218.71,103052.2313
2023-12-19,2218.58,2254.14,2134.43,2177.27,122574.0237
2023-12-20,2177.32,2264.85,2156.96,2202,164826.6804
2023-12-21,2201.93,2279.65,2182.83,2239.92,136641.486
2023-12-22,2239.92,2344.26,2230.66,2326.35,173481.6649
2023-12-23,2326.49,2332.69,2266.79,2309.58,71690.4208
2023-12-24,2309.51,2327.66,2244.79,2265.33,66756.0218
2023-12-25,2265.45,2304.93,2253.96,2271.53,46049.0145
2023-12-26,2271.42,2275.2,2148.1,2230.91,112774.7713
2023-12-27,2230.93,2393.39,2212.12,2380.66,167830.7419
2023-12-28,2380.54,2448.25,2336.7,2344.94,187887.7924
2023-12-29,2345.08,2386.99,2255.78,2299.37,155499.3755
2023-12-30,2299.17,2322.86,2267.63,2291.15,66344.1081
2023-12-31,2291.51,2320.48,2259.1,2281.07,94453.2605
2024-01-01,2281.03,2353.33,2264.86,2352.76,65735.8371
2024-01-02,2352.8,2433.19,2342.19,2356.16,146957.4184
2024-01-03,2356.27,2385.66,2100,2210.49,238855.8731
2024-01-04,2210.49,2297.64,2203.1,2269.47,139871.1059
2024-01-05,2269.48,2278.84,2207.6,2270.35,103166.138
2024-01-06,2270.29,2271.72,2217,2241.87,43380.2809
2024-01-07,2241.81,2258.57,2206.66,2222.69,44609.4512
2024-01-08,2222.86,2360.81,2167.68,2332.51,124227.6609
2024-01-09,2332.52,2376.1,2228.42,2344.93,180275.7377
2024-01-10,2344.97,2644.42,2340.77,2584.77,317568.8922
2024-01-11,2584.85,2691.07,2567.08,2618.31,237306.4718
2024-01-12,2618.37,2717.89,2455,2522.03,254977.6355
2024-01-13,2522.02,2589.97,2496.41,2578.12,121668.1901
2024-01-14,2578.13,2578.96,2467.97,2470.66,103969.5028
2024-01-15,2470.65,2551.77,2468.6,2509.94,72919.1616
2024-01-16,2509.85,2614.04,2498.25,2586.83,98820.8663
2024-01-17,2586.46,2592.5,2505.19,2527.94,78118.4022
2024-01-18,2528.02,2547.67,2423.43,2468.82,128802.6178
2024-01-19,2468.82,2502.14,2412.4,2490.13,96947.2038
2024-01-20,2489.98,2489.98,2452.02,2470.44,27547.9044
2024-01-21,2470.51,2480.69,2451.26,2455.52,20818.0106
2024-01-22,2455.09,2464.33,2301,2311.34,152916.3952
2024-01-23,2311.52,2349.07,2165.01,2240.81,186226.7517
2024-01-24,2241.1,2262.88,2195.32,2234.06,72772.9734
2024-01-25,2234.34,2241.35,2169.47,2217.3,75539.5854
2024-01-26,2217.29,2281.72,2194.88,2267.34,94910.5413
2024-01-27,2267.47,2282.54,2250.9,2268.07,30982.5244
2024-01-28,2268.12,2307.97,2239.3,2256.51,39248.4686
2024-01-29,2256.47,2322.55,2233.15,2317.42,63329.2549
2024-01-30,2317.63,2391.91,2296.86,2342.96,96526.625
2024-01-31,2342.96,2352.17,2262.47,2281.6,85201.864
2024-02-01,2281.55,2310.97,2239.04,2303.61,62864.7814
2024-02-02,2303.66,2323.4,2280.43,2308.03,50538.333
2024-02-03,2308.06,2328.42,2292.29,2295.97,17826.9932
2024-02-04,2295.97,2309.45,2266.14,2288.82,29623.6433
2024-02-05,2288.82,2336.1,2268,2298.91,44870.3655
2024-02-06,2298.93,2392.65,2295.79,2372.09,102729.5793
2024-02-07,2372.09,2446.9,2352.34,2424.55,81310.9832
2024-02-08,2424.71,2462.69,2410.77,2419.78,111654.9081
2024-02-09,2419.78,2524.11,2418.79,2487.84,121261.7651
2024-02-10,2487.87,2518.02,2473.32,2501.08,33777.5828
2024-02-11,2501.08,2540.57,2494.42,2508.11,37979.9509
2024-02-12,2508.49,2666.66,2472.17,2661.03,115679.3629
2024-02-13,2661.13,2687.13,2590.41,2641.63,128589.0931
2024-02-14,2641.84,2788.95,2619.36,2777.56,110804.3856
2024-02-15,2777.37,2868.68,2761.9,2825.94,123679.7688
2024-02-16,2825.88,2860.28,2745.48,2803.89,108579.8359
2024-02-17,2804.09,2806.8,2719.73,2786.83,50463.1817
2024-02-18,2787.12,2896.74,2765.55,2882.06,64492.7564
2024-02-19,2881.91,2985,2857.33,2945.43,102810.47
2024-02-20,2944.94,3033.53,2873.82,3015.56,162450.2496
2024-02-21,3015.53,3017.99,2868.32,2968.37,168311.0769
2024-02-22,2968.37,3035.84,2906.13,2969.77,159019.683
2024-02-23,2969.75,2991.94,2905.71,2921.79,95313.3239
2024-02-24,2921.76,3005.28,2906.2,2992.66,46828.0872
2024-02-25,2992.41,3121.04,2983.45,3113.17,86028.2085
2024-02-26,3113.37,3198.77,3036.62,3178.34,149112.0568
2024-02-27,3178.28,3291.36,3167.8,3243.84,144336.79
2024-02-28,3244.35,3492.31,3185,3386.64,231321.8569
2024-02-29,3386.64,3521.99,3302.1,3341.78,184874.5204
2024-03-01,3341.78,3454.95,3340.15,3436,108273.1233
2024-03-02,3436.37,3462,3398.14,3424.04,59797.373
2024-03-03,3423.77,3493.78,3363.59,3489.53,65187.6206
2024-03-04,3489.95,3650,3430,3633.23,152726.4994
2024-03-05,3632.92,3829.93,3205,3557.41,365410.4775
2024-03-06,3557.42,3903.42,3502,3821.82,219365.5685
2024-03-07,3822.1,3941.57,3736.5,3875.28,137053.143
2024-03-08,3875.42,4000,3826.37,3892.6,165705.3587
2024-03-09,3892.62,3951.37,3880,3913.55,62180.5643
2024-03-10,3913.84,3972.17,3800.01,3881.96,84572.2101
2024-03-11,3882.48,4091.67,3730.72,4066.21,189041.0703
2024-03-12,4066.95,4093.88,3828.83,3980.34,174639.8182
2024-03-13,3980.31,4085.57,3934.52,4007.7,133886.8277
2024-03-14,4007.79,4013.25,3714.53,3880.45,190612.3456
2024-03-15,3880.45,3932.39,3566.38,3742.95,252124.7992
2024-03-16,3743.29,3781.4,3466.55,3520.1,116692.6818
2024-03-17,3520.24,3676.76,3410.78,3641.02,109583.5422
2024-03-18,3641.51,3642.56,3454.3,3520.66,119847.0523
2024-03-19,3520.52,3547.97,3147.81,3156.97,257986.0719
2024-03-20,3156.94,3536.72,3057.5,3516.68,324768.0338
2024-03-21,3517.02,3586.59,3410.45,3491.78,148636.0045
2024-03-22,3491.78,3542.56,3250.33,3337.41,163488.1094
2024-03-23,3337.38,3436.39,3271.47,3330.05,94959.7211
2024-03-24,3330.28,3471.22,3300,3454.67,60606.0856
2024-03-25,3454.88,3661.7,3418.61,3591.02,119411.5712
2024-03-26,3590.61,3681.9,3544,3587.67,97999.1189
2024-03-27,3587.5,3665.95,3458,3499.56,113287.8406
2024-03-28,3499.62,3612.3,3462.44,3561.1,82506.6359
2024-03-29,3561.12,3584.9,3473.42,3511.08,60142.8395
2024-03-30,3511.21,3568.13,3488.08,3507.51,49286.0694
2024-03-31,3507.31,3654.87,3505.76,3645.48,53825.132
2024-04-01,3645.55,3646.38,3413.86,3505.85,97053.8292
2024-04-02,3505.95,3507.69,3211.41,3279.64,148814.9657
2024-04-03,3279.71,3369.43,3202.8,3312.43,99323.0887
2024-04-04,3312.42,3444.95,3251.91,3329.39,108312.2115
2024-04-05,3329.41,3348.33,3210.99,3319.26,82464.5087
2024-04-06,3319.1,3398.8,3308.7,3352.66,35789.963
2024-04-07,3352.87,3459.52,3345.36,3453.67,40642.5846
2024-04-08,3453.69,3729.16,3406.93,3694.56,117580.324
2024-04-09,3694.26,3726.79,3450.6,3504.58,104295.6654
2024-04-10,3504.24,3562.51,3411.59,3546,83472.7679
2024-04-11,3546.07,3617.97,3473.6,3503.06,73843.0683
2024-04-12,3503.06,3553.03,3100,3239.31,158974.4186
2024-04-13,3238.98,3302.32,2850,3011.39,241260.3461
2024-04-14,3012.01,3175.72,2911.23,3158.06,160742.9329
2024-04-15,3158.2,3281.21,3025,3103.13,129021.8761
2024-04-16,3103.4,3128.28,2990,3085.25,117411.005
2024-04-17,3085.41,3124.03,2914.01,2984.98,122585.7756
2024-04-18,2984.9,3100.8,2952.53,3065.82,91513.4219
2024-04-19,3065.8,3128.99,2865.71,3057.93,126465.0625
2024-04-20,3057.9,3172.3,3019.11,3157.01,42703.4966
2024-04-21,3156.62,3198.46,3117.46,3148.1,34111.8484
2024-04-22,3148.06,3237.41,3129.68,3201.46,70530.5258
2024-04-23,3201.67,3266.4,3153.41,3219.49,69940.4136
2024-04-24,3219.42,3293.4,3102.62,3138.91,88784.3266
2024-04-25,3139.27,3191.94,3071.79,3155.36,95350.3997
2024-04-26,3155.27,3166.66,3101.01,3130,69330.9364
2024-04-27,3130.04,3281.92,3067.27,3253.04,65631.202
2024-04-28,3253.04,3356.31,3239.72,3262.6,66716.1073
2024-04-29,3262.99,3287.15,3114.56,3215.53,85704.2155
2024-04-30,3215.89,3249.66,2916.34,3011.4,122376.4789
2024-05-01,3011.24,3020.26,2814.12,2968.12,148775.7393
2024-05-02,2968.18,3016.07,2890.28,2986.32,74253.4464
2024-05-03,2986.12,3128.04,2958.55,3103.27,82328.6291
2024-05-04,3104.11,3167.85,3093.87,3117.41,37445.2106
2024-05-05,3117.52,3171.64,3073.7,3136.95,38526.4278
2024-05-06,3136.77,3221.41,3045.59,3062.69,79596.6595
2024-05-07,3062.69,3129.9,3000,3005.78,62108.8045
2024-05-08,3006.09,3038.17,2937.09,2972.82,52553.5551
2024-05-09,2972.81,3058.43,2949.52,3035.92,56610.302
2024-05-10,3035.92,3053.53,2878.38,2909.43,79016.1474
2024-05-11,2909.38,2943.64,2885.8,2911.75,26841.1547
2024-05-12,2911.77,2954.16,2900.59,2927.75,23851.5335
2024-05-13,2927.72,2994.74,2864.35,2950.21,81949.547
2024-05-14,2950.09,2988,2858.76,2880.4,84843.4938
2024-05-15,2880.39,3041.53,2862.36,3033.2,102425.7552
2024-05-16,3033.23,3041.71,2923.73,2945.11,79847.1902
2024-05-17,2944.86,3122.08,2932.68,3093.39,80378.0621
2024-05-18,3093.2,3148,3085.07,3123.99,35887.5934
2024-05-19,3123.76,3137.64,3053.74,3070.9,36279.7298
2024-05-20,3070.83,3695,3048.58,3661.52,280881.2056
2024-05-21,3661.51,3841.24,3625.58,3789.37,253191.4804
2024-05-22,3789.41,3813.25,3653.11,3735.99,152993.4583
2024-05-23,3736.02,3947,3521.24,3780.83,309961.2531
2024-05-24,3780.42,3827.99,3627.53,3726.89,112184.8378
2024-05-25,3726.87,3777.78,3707.41,3749.06,33301.9788
2024-05-26,3749.23,3882.82,3731.03,3823.83,57883.6581
2024-05-27,3823.55,3973.9,3821.01,3890.72,71151.4462
2024-05-28,3890.72,3926.6,3769.47,3839.98,100613.0472
2024-05-29,3840.18,3884.24,3740.75,3762.11,108846.3294
2024-05-30,3762.07,3824.07,3700.4,3746.74,96742.8621
2024-05-31,3746.64,3846,3720.52,3758.44,83743.9066
2024-06-01,3758.44,3829.99,3748.31,3812.48,33739.8975
2024-06-02,3812.49,3835,3750.59,3778.88,44725.2093
2024-06-03,3778.88,3850.06,3757.32,3766.09,66419.5924
2024-06-04,3766.12,3832.56,3730.56,3810.29,57771.0365
2024-06-05,3810.24,3888.9,3777.25,3866.57,67943.7928
2024-06-06,3866.42,3879.15,3758.19,3812.09,53756.6118
2024-06-07,3812.04,3839.71,3575.23,3676.35,110370.1149
2024-06-08,3676.31,3707.99,3658,3680.84,28751.3275
2024-06-09,3680.89,3721.16,3666.2,3706.27,19656.4101
2024-06-10,3706.4,3712.6,3643.02,3665.86,43724.8617
2024-06-11,3665.86,3671.47,3381,3497.31,137575.1636
2024-06-12,3497.27,3657.05,3461.52,3559.14,98483.8429
2024-06-13,3559.14,3560.6,3425.87,3467.65,108846.1756
2024-06-14,3467.9,3529.83,3360.62,3479.53,102617.1213
2024-06-15,3479.53,3591.87,3470.96,3566.69,56700.5067
2024-06-16,3566.82,3651.51,3538.74,3622.1,44147.5967
2024-06-17,3622.53,3640,3463.38,3509.55,111781.8862
2024-06-18,3509.81,3515.87,3351,3482.06,129044.7083
2024-06-19,3482.07,3585.77,3464.44,3559.14,103693.896
2024-06-20,3559.24,3624.28,3483.5,3510.73,108383.6657
2024-06-21,3510.73,3545.99,3444.7,3517.19,103321.3728
2024-06-22,3517.18,3520.03,3473.78,3494.09,30077.2226
2024-06-23,3494.09,3519.79,3405.07,3418.42,43942.9881
2024-06-24,3418.42,3432.5,3233.75,3350.59,171526.1389
2024-06-25,3350.6,3430.6,3334.79,3393.6,105747.8241
2024-06-26,3393.59,3425.44,3323,3369.31,82891.5085
2024-06-27,3369.76,3474.12,3359.23,3445.58,76984.4938
2024-06-28,3445.57,3484.72,3360.01,3373.62,102502.6512
2024-06-29,3373.75,3403.09,3366.21,3373.26,24185.3782
2024-06-30,3373.34,3453.93,3347.21,3432.37,33619.8001
2024-07-01,3432.37,3518.85,3420.5,3438.59,61636.2403
2024-07-02,3438.59,3460.56,3396.76,3416.17,43494.0679
2024-07-03,3416.17,3427.04,3248,3291.73,87308.2405
2024-07-04,3291.88,3309.58,3050,3058.89,128764.4279
2024-07-05,3059.08,3108.7,2809.41,2981.74,246354.9876
2024-07-06,2981.74,3082.05,2955.67,3067.39,53153.519
2024-07-07,3067.38,3073.49,2921.13,2930.78,43012.5834
2024-07-08,2930.78,3095.94,2822.64,3018.48,142216.0798
2024-07-09,3018.47,3113.5,3003.55,3066.51,59915.9394
2024-07-10,3066.35,3150.72,3023.8,3100.3,67608.0888
2024-07-11,3100.35,3220.48,3055,3099.29,77797.9046
2024-07-12,3099.35,3158.3,3045.8,3135.05,49238.5106
2024-07-13,3134.84,3203.05,3114.15,3176.71,26046.028
2024-07-14,3176.61,3270.12,3164.66,3246.38,38866.2616
2024-07-15,3246.38,3496.03,3233.86,3485.87,110069.7492
2024-07-16,3485.35,3499.99,3348,3446.67,90433.49
2024-07-17,3446.67,3518.38,3376.92,3387.45,69258.0039
2024-07-18,3387.1,3490,3367.65,3425.58,62188.7911
2024-07-19,3425.58,3541.85,3375.99,3505.75,82780.351
2024-07-20,3505.83,3540.79,3482.03,3519.06,29367.477
2024-07-21,3518.99,3547.57,3413.01,3536.2,41195.379
2024-07-22,3536.21,3563.02,3423.94,3441.1,55522.3747
2024-07-23,3441.09,3541.2,3390,3482.9,134627.1558
2024-07-24,3482.89,3488.05,3299.16,3334.99,108661.7098
2024-07-25,3335,3342.07,3086.13,3174.3,201536.4458
2024-07-26,3174.3,3286.65,3169.59,3274.95,88789.0006
2024-07-27,3274.84,3327.6,3190.57,3249.25,55872.3355
2024-07-28,3249.24,3283.98,3198.23,3269.98,30497.4896
2024-07-29,3270.15,3396.61,3256.68,3317.55,111549.62
2024-07-30,3317.42,3365.68,3232.55,3278.27,86408.3951
2024-07-31,3278.42,3348,3213,3231.81,87723.992
2024-08-01,3231.81,3242.14,3077.17,3200.54,115192.5549
2024-08-02,3200.53,3215.75,2964.01,2985.84,124022.2088
2024-08-03,2985.88,3016.19,2857.35,2901.72,77878.9024
2024-08-04,2901.98,2933.13,2626.17,2688.31,110939.31
2024-08-05,2688.38,2696.41,2116.02,2420.37,750156.044
2024-08-06,2420.79,2556.62,2415.69,2462.52,240973.2188
2024-08-07,2462.26,2552.77,2308.94,2343.66,212737.2698
2024-08-08,2342.82,2725.35,2321.07,2683.59,223682.4212
2024-08-09,2683.33,2708.87,2553.08,2599.94,119799.4378
2024-08-10,2600.1,2645.74,2577.61,2610.69,32933.2449
2024-08-11,2610.38,2720,2539.86,2555.58,54293.3893
2024-08-12,2555.09,2750,2509.58,2723,117387.8317
2024-08-13,2723.23,2739,2611.59,2703.49,87846.2201
2024-08-14,2703.49,2782.61,2633.76,2661.67,127821.694
2024-08-15,2661.98,2675.79,2516.07,2570.5,112161.4424
2024-08-16,2570.22,2631.06,2551.29,2593.75,73034.647
2024-08-17,2593.75,2627.67,2588.17,2614.64,16028.4999
2024-08-18,2614.64,2687.92,2594.34,2612.68,43718.565
2024-08-19,2612.33,2648.71,2563.98,2637.15,54465.5802
2024-08-20,2637.63,2697.11,2555.26,2573.04,83115.068
2024-08-21,2572.69,2664.7,2536.49,2631.14,68713.0154
2024-08-22,2631.18,2645.42,2584.59,2623.3,45949.3431
2024-08-23,2623.26,2800.89,2621.38,2764.73,97692.0322
2024-08-24,2764.89,2820.86,2732.75,2769,52952.6324
2024-08-25,2768.95,2793.09,2734.52,2747.57,28841.5231
2024-08-26,2747.06,2763.51,2667.25,2680.77,60514.3874
2024-08-27,2680.75,2700.29,2393.38,2458.22,110269.5007
2024-08-28,2457.84,2555.23,2418.63,2528.51,115962.7555
2024-08-29,2528.76,2597,2503.09,2527.71,78636.4241
2024-08-30,2527.76,2551.26,2430.25,2525.74,85657.7314
2024-08-31,2525.7,2533.92,2492.03,2512.62,14398.2173
2024-09-01,2512.49,2516.27,2399.2,2425.9,40597.4766
2024-09-02,2425.78,2564.02,2423.56,2537.81,52519.1534
2024-09-03,2537.99,2553.75,2410.52,2424.18,59281.3049
2024-09-04,2424.16,2490.21,2307.12,2450.46,112229.0972
2024-09-05,2450.26,2465.98,2347.19,2367.8,73779.9845
2024-09-06,2367.5,2409.19,2150,2224.46,158686.2184
2024-09-07,2224.55,2311.27,2221.01,2272.88,48605.2528
2024-09-08,2273.03,2334.03,2240.82,2297.47,48917.5673
2024-09-09,2297.35,2381.46,2273,2360.1,91965.448
2024-09-10,2359.71,2399.99,2320.91,2388.26,63305.0336
2024-09-11,2388.71,2389.58,2276.66,2340.54,83110.1106
2024-09-12,2340.24,2392.13,2314.76,2361.63,67554.0993
2024-09-13,2361.75,2466.49,2336.57,2440.96,84983.2415
2024-09-14,2440.99,2442.56,2378.8,2418.19,29335.9984
2024-09-15,2418.3,2430.91,2285,2316.37,48995.2968
2024-09-16,2316.01,2335.18,2251.99,2295.21,83080.8219
2024-09-17,2295.35,2394,2263.05,2342.1,87006.2833
2024-09-18,2342.09,2376.26,2277.05,2374.59,95717.2164
2024-09-19,2374.78,2495.27,2372.73,2465.84,110765.4679
2024-09-20,2465.79,2573.26,2437.49,2562.02,95098.8162
2024-09-21,2562.1,2623.26,2528.75,2613.16,45981.7524
2024-09-22,2612.77,2632.92,2525,2580.92,40733.9795
2024-09-23,2580.93,2704.62,2539.64,2646.72,103739.5352
2024-09-24,2646.93,2671.85,2591.67,2653.31,101399.5636
2024-09-25,2653.53,2673.77,2553.93,2579.25,75241.2609
2024-09-26,2579.84,2667.81,2558.84,2632.53,76698.0557
2024-09-27,2632.63,2729.39,2615.45,2695.37,100248.8513
2024-09-28,2695.37,2705.26,2650.16,2675.79,24386.0682
2024-09-29,2675.88,2683.77,2634.38,2657.89,27101.5518
2024-09-30,2657.9,2663.97,2573.89,2601.27,73292.7471
2024-10-01,2601.33,2657.98,2413.11,2447.55,155891.6908
2024-10-02,2447.54,2498.47,2351.92,2363.76,91854.684
2024-10-03,2363.51,2403.08,2309.17,2349.97,75055.0403
2024-10-04,2349.73,2440.96,2338.96,2414.43,63427.1662
2024-10-05,2414.43,2428.22,2389.68,2414.51,17445.771
2024-10-06,2414.89,2457.57,2406,2439.84,17368.14
2024-10-07,2439.36,2520.39,2402.32,2421.68,73870.5668
2024-10-08,2421.68,2464.51,2399.24,2439.48,60536.0643
2024-10-09,2439.47,2472.09,2349.63,2368.66,69323.0708
2024-10-10,2368.35,2418.41,2327.83,2384.32,87146.3955
2024-10-11,2384.42,2471.1,2379.84,2438.77,79629.6025
2024-10-12,2439.15,2489.67,2433.43,2475.79,26831.8321
2024-10-13,2475.79,2484.44,2435.88,2467.67,28115.6827
2024-10-14,2467.95,2653.03,2442.42,2628.74,134863.195
2024-10-15,2628.75,2687.63,2536.47,2606.63,147272.6501
2024-10-16,2606.73,2646.91,2588.05,2610.54,97943.1262
2024-10-17,2610.56,2647.43,2574.29,2604.91,67668.2638
2024-10-18,2604.9,2676.07,2594.79,2641.98,82644.3603
2024-10-19,2642,2662.99,2630.82,2647.97,17748.9606
2024-10-20,2647.97,2758.08,2635.16,2746.22,42114.94
2024-10-21,2745.91,2768.22,2653.94,2665.35,67046.1761
2024-10-22,2665.25,2670.37,2603.37,2620.84,70709.7329
2024-10-23,2620.84,2626.29,2448.36,2521.94,78368.4478
2024-10-24,2521.91,2559.24,2504.7,2533.99,73450.4758
2024-10-25,2534,2564.84,2379.35,2436.01,137844.3783
2024-10-26,2435.81,2503.73,2425.54,2479.49,40555.3054
2024-10-27,2479.49,2524.39,2460.47,2504.69,30629.2909
2024-10-28,2504.72,2588,2468.81,2565.66,94688.914
2024-10-29,2565.66,2681.78,2559.3,2637.85,115494.411
2024-10-30,2638.11,2721.09,2598.87,2658.16,123666.9252
2024-10-31,2658.15,2668.12,2500,2514.84,93810.9994
2024-11-01,2514.74,2585.26,2464.83,2510.27,81541.9521
2024-11-02,2510.27,2522.48,2469.7,2493.44,25043.7002
2024-11-03,2493.5,2496.01,2409.53,2456.57,56798.1927
2024-11-04,2456.15,2489.44,2355.43,2397,63678.8236
2024-11-05,2396.62,2479.58,2379.3,2422.24,88639.6188
2024-11-06,2422.24,2746.83,2420.14,2724.27,248257.2351
2024-11-07,2724.27,2920.62,2701.52,2897.65,235254.1674
2024-11-08,2897.65,2986.13,2888.99,2964.09,182093.8566
2024-11-09,2964.09,3158.83,2956.8,3127.97,114010.4618
2024-11-10,3127.96,3251.25,3069.19,3186.07,169077.5431
2024-11-11,3186.03,3391.61,3108.1,3375.78,264362.442
2024-11-12,3375.79,3446.98,3210.57,3247.21,277504.3074
2024-11-13,3247.54,3339,3120.8,3191.45,227462.3213
2024-11-14,3191.34,3242.75,3028.32,3059.04,148297.6762
2024-11-15,3058.89,3131.68,3012.94,3090.76,148569.2491
2024-11-16,3090.76,3220,3072.9,3134.25,76918.1816
2024-11-17,3134.48,3161.96,3036.64,3076.79,76318.3237
2024-11-18,3076.79,3226.8,3050.83,3209.21,139240.7721
2024-11-19,3209.42,3222.83,3070,3111.7,123941.606
2024-11-20,3111.63,3161.97,3031.38,3072.24,128820.6474
2024-11-21,3072.33,3390.35,3034.15,3359.9,263174.6043
2024-11-22,3360.11,3429.69,3260.78,3331.77,168501.0281
2024-11-23,3332.16,3500,3316.55,3397.51,144344.7907
2024-11-24,3397.51,3453.9,3286.25,3365.16,83921.8393
2024-11-25,3365.17,3546.99,3304.11,3414.72,237872.1323
2024-11-26,3414.64,3462.89,3252.6,3323.67,163133.9151
2024-11-27,3323.67,3688.54,3300.76,3657.63,215323.8867
2024-11-28,3657.2,3665.28,3530.02,3579.11,106524.9317
2024-11-29,3579.48,3650,3536.44,3593.67,137566.6465
2024-11-30,3593.38,3740.63,3569.63,3706.35,93227.764
2024-12-01,3706.35,3748.29,3661.12,3710.24,81383.9154
2024-12-02,3710.08,3762.72,3556.03,3644.52,175600.0945
2024-12-03,3644.51,3671.71,3502.29,3617.59,171602.2838
2024-12-04,3617.82,3899.21,3616.92,3843.33,271861.2925
2024-12-05,3843.84,3960,3681,3788.93,279984.2079
2024-12-06,3789.07,4096,3781.2,4004.83,238314.8352
2024-12-07,4005.37,4030.27,3973.19,4000.01,68451.9164
2024-12-08,4000.02,4018.5,3926.45,4006.75,53096.5407
2024-12-09,4007.38,4008.8,3501,3713.57,249048.2361
2024-12-10,3713.56,3782,3516,3630.34,224597.7236
2024-12-11,3630.37,3851.87,3564.36,3835.08,159702.3453
2024-12-12,3835.08,3989.22,3799.19,3882.68,155214.1967
2024-12-13,3882.62,3969.32,3854,3907.87,122136.2255
2024-12-14,3907.7,3945.29,3824.44,3869.25,47709.2018
2024-12-15,3869.5,3973.71,3831.09,3957.7,56559.9511
2024-12-16,3957.7,4109,3881.93,3987.6,189528.1837
2024-12-17,3987.59,4041.76,3848.76,3893.54,125248.6113
2024-12-18,3893.44,3907.71,3615.79,3624.84,187093.0728
2024-12-19,3624.92,3718.3,3322.19,3414.35,304672.2338
2024-12-20,3414.35,3497.29,3095.65,3470.47,318980.6579
2024-12-21,3470.47,3553.49,3291.31,3337.09,95122.3401
2024-12-22,3337.05,3400.23,3217.84,3278.6,72542.8686
2024-12-23,3278.69,3462.14,3213.85,3418.12,176709.6512
2024-12-24,3418.12,3537.52,3353.08,3491.13,103337.9918
2024-12-25,3491.13,3543.83,3437.42,3493.95,41327.457
2024-12-26,3494.36,3512.49,3301.06,3330.86,103793.1957
2024-12-27,3331.17,3437.87,3301.27,3328.6,121870.9027
2024-12-28,3328.34,3421.11,3317.12,3397.87,35155.9794
2024-12-29,3397.86,3408.32,3320,3350.23,30260.8189
2024-12-30,3350.24,3430,3293.1,3355.66,98737.1629
2024-12-31,3355.44,3447,3310,3330.32,94223.765
2025-01-01,3330.52,3366.83,3308.2,3353.32,113635.9778
2025-01-02,3353.32,3506.11,3347.19,3452.39,86207.5085
2025-01-03,3452.39,3629.9,3420.62,3607.68,102329.3225
2025-01-04,3607.68,3670.34,3571.29,3656.4,49524.8673
2025-01-05,3656.4,3674.92,3593.46,3635.46,36837.723
2025-01-06,3635.48,3746,3609.58,3688.74,106103.9225
2025-01-07,3688.73,3702.24,3356,3380.29,149342.343
2025-01-08,3380.32,3414.59,3206.95,3326.29,130070.3032
2025-01-09,3326.51,3356.78,3157,3218.81,128267.3465
2025-01-10,3219.2,3321.91,3194.4,3266.53,115536.3903
2025-01-11,3266.37,3318.91,3217.61,3282.01,31509.249
2025-01-12,3282,3298.2,3223.07,3266.02,39914.902
2025-01-13,3266.09,3336.26,2913.75,3136.08,175346.0672
2025-01-14,3136.65,3256.46,3124.2,3223.97,99770.137
2025-01-15,3224.35,3475.14,3185.25,3451.58,149178.3241
2025-01-16,3451.57,3460.6,3262.69,3307.73,136122.618
2025-01-17,3307.83,3527,3307.09,3475.47,150453.5802
2025-01-18,3475.54,3496.48,3224.29,3304.07,151937.8766
2025-01-19,3304.09,3445,3125.45,3210.03,298299.626
2025-01-20,3211.85,3448,3139.61,3280.4,290972.5978
2025-01-21,3280.43,3368,3200.98,3327.57,151693.967
2025-01-22,3327.56,3366.1,3220.01,3241.35,92936.5033
2025-01-23,3241.35,3349.15,3181.94,3338.67,143070.0754
2025-01-24,3339.26,3428.25,3275.41,3309.72,156732.0358
2025-01-25,3309.83,3350.27,3269.06,3318.37,54942.6819
2025-01-26,3318.38,3361.16,3227.68,3231.48,73002.8837
2025-01-27,3231.31,3253.54,3001,3181.93,210035.5128
2025-01-28,3182.06,3223.56,3037.75,3076.06,114838.0834
2025-01-29,3076.05,3181.99,3053.94,3114.03,146248.6965
2025-01-30,3114.03,3283.5,3090.89,3247.48,115394.8047
2025-01-31,3247.32,3438.96,3213.36,3299.99,175027.2481
2025-02-01,3300,3330.9,3101.28,3116.78,78248.0984
2025-02-02,3116.44,3162.35,2750,2869.25,185502.0853
2025-02-03,2869.69,2924.6,2150,2883.62,740839.2331
2025-02-04,2883.1,2891.9,2633.67,2732.07,364753.5497
2025-02-05,2732.07,2827.94,2699.6,2788.3,192546.3486
2025-02-06,2788.56,2858.92,2656.53,2687.1,169430.8979
2025-02-07,2687.18,2799.59,2563,2622.95,182738.505
2025-02-08,2623.02,2668.11,2588.13,2632.62,128631.5744
2025-02-09,2633.12,2698.72,2522.16,2627.87,91400.3861
2025-02-10,2627.82,2694.49,2560.35,2661.87,109998.0336
2025-02-11,2661.84,2725.74,2560.49,2602.03,129799.7748
2025-02-12,2602.08,2796.89,2548,2738.58,162873.9896
2025-02-13,2738.84,2758.18,2613.25,2676.09,127721.9834
2025-02-14,2676.29,2793.44,2664.64,2726.32,128927.5013
2025-02-15,2726.36,2739.55,2664.22,2693.58,40084.2041
2025-02-16,2693.58,2726.58,2652.55,2661.51,52326.6108
2025-02-17,2661.51,2849.53,2638.43,2744.1,137419.8639
2025-02-18,2744.11,2756.5,2604.48,2670.59,133442.2019
2025-02-19,2670.57,2736.29,2654.68,2715.27,100984.7325
2025-02-20,2715.3,2771.9,2707.15,2738.65,88538.8153
2025-02-21,2738.64,2846.53,2614.08,2661.69,298706.6188
2025-02-22,2661.68,2797.81,2652.08,2763.5,83103.0459
2025-02-23,2763.53,2855.23,2745.5,2819.63,95606.1897
2025-02-24,2819.77,2839.81,2471.74,2513.35,199034.7762
2025-02-25,2513.33,2530.99,2319.86,2492.37,367833.5568
2025-02-26,2492.54,2504.18,2251.01,2332.93,225247.774
2025-02-27,2332.98,2379.47,2227.04,2305.21,161479.6524
2025-02-28,2305.41,2312.05,2073.34,2236.36,349901.1372
2025-03-01,2236.74,2280.48,2142.04,2216.51,87044.5609
2025-03-02,2216.82,2551.49,2172.59,2518.39,316007.037
2025-03-03,2518.4,2523.84,2094.27,2147.53,322336.2209
2025-03-04,2147.64,2222.15,1991.21,2170.92,432447.59
2025-03-05,2171,2273.29,2154.64,2241.53,165361.5985
2025-03-06,2241.63,2320,2176,2202.42,155061.7336
2025-03-07,2202.03,2258.02,2102.21,2140.81,262699.2806
2025-03-08,2140.81,2234.05,2104.67,2203.03,57548.2999
2025-03-09,2203.03,2211.66,1988.3,2020.02,127517.5418
2025-03-10,2020.02,2152.48,1809.49,1864.12,362167.3085
2025-03-11,1864.52,1962.83,1754.13,1923.08,340034.8013
2025-03-12,1923.02,1956.15,1829.49,1907.93,227593.0573
2025-03-13,1907.88,1922.09,1820.86,1863.81,156767.7405
2025-03-14,1863.8,1946,1860.46,1911.65,95560.3053
2025-03-15,1911.55,1957.51,1903.69,1937.61,37624.284
2025-03-16,1937.4,1940.96,1860.49,1886.8,50658.4695
2025-03-17,1886.79,1952.24,1879.8,1926.28,80268.2263
2025-03-18,1926.2,1935.7,1871.64,1931.25,98061.9392
2025-03-19,1931.24,2070.6,1927.63,2057.06,196579.5071
2025-03-20,2056.93,2068.58,1951.12,1982.67,117335.6137
2025-03-21,1982.45,1995.27,1936,1964.98,82472.9256
2025-03-22,1965.04,2005.99,1963.76,1980.35,40334.5063
2025-03-23,1980.43,2020.54,1976.6,2005.97,48751.2248
2025-03-24,2006.14,2104.21,1977.42,2081.62,140535.7345
2025-03-25,2081.61,2098.11,2037.39,2066.78,78429.6181
2025-03-26,2066.75,2079.35,1981.4,2009.72,122121.1762
2025-03-27,2013.77,2014.27,1999.02,2003.32,4164.3363
2025-03-28,2003.18,2015.78,1860.86,1896.23,231796.0841
2025-03-29,1896.21,1912.8,1797.51,1827.39,103414.8123
2025-03-30,1827.43,1848.27,1767.1,1807.31,100497.7039
2025-03-31,1807.51,1854.2,1776.43,1822.03,139811.1032
2025-04-01,1822.05,1928.2,1817.71,1905.13,145912.609
2025-04-02,1905.13,1956.55,1781.21,1794.7,257321.3529
2025-04-03,1794.77,1845.09,1750,1816.36,186281.0907
2025-04-04,1816.33,1835.49,1758.5,1816.39,215577.6441
2025-04-05,1816.34,1826.71,1764.1,1805.09,40241.3182
2025-04-06,1805.16,1816.28,1535.06,1579.77,269650.3589
2025-04-07,1579.8,1638.82,1411,1552.64,698812.7015
2025-04-08,1552.37,1618.25,1444.37,1471.94,261089.469
2025-04-09,1472.11,1688.99,1383.26,1669.27,398819.2779
2025-04-10,1669.15,1669.52,1471.63,1521.51,228219.6136
2025-04-11,1521.08,1590.84,1504,1566.13,143453.4268
2025-04-12,1565.95,1668.88,1544.36,1643.85,87012.1695
2025-04-13,1643.82,1649.37,1562,1597.04,111889.234
2025-04-14,1597.04,1691,1595.06,1624.03,130644.2901
2025-04-15,1623.61,1660.98,1583.15,1588.64,112540.6782
2025-04-16,1588.48,1613.22,1538.02,1577.27,119210.5039
2025-04-17,1577.3,1616.85,1562.35,1583.83,93019.4702
2025-04-18,1583.86,1600.74,1573.7,1588.57,37357.1478
2025-04-19,1588.61,1630.98,1585.02,1612.87,49007.3967
2025-04-20,1612.97,1619.14,1565.64,1587.32,64780.5449
2025-04-21,1587.42,1658.55,1563.06,1579.55,143471.2238
2025-04-22,1579.54,1778.92,1538.75,1757,332380.9206
2025-04-23,1757.09,1835.74,1746.09,1795.92,267867.2013
2025-04-24,1795.81,1803.33,1723.01,1770.41,161719.102
2025-04-25,1770.42,1828.9,1740,1785.95,189616.4299
2025-04-26,1785.8,1841.66,1779.84,1821.6,75293.671
2025-04-27,1821.77,1857.85,1782.9,1791.88,68093.856
2025-04-28,1791.89,1829,1744.9,1800.26,208124.0504
2025-04-29,1800.31,1843.28,1780.6,1798.21,144123.5523
2025-04-30,1798.2,1817.43,1732.44,1793.79,132367.2271
2025-05-01,1793.92,1874.48,1792.67,1838.82,139494.5035
2025-05-02,1838.78,1871.95,1813.43,1842.98,93279.2661
2025-05-03,1842.98,1849.27,1810.38,1834.03,45010.4102
2025-05-04,1834.11,1850.21,1803.01,1809,40428.7292
2025-05-05,1808.82,1833.51,1781.7,1820.15,85196.1026
2025-05-06,1820.2,1820.64,1751.45,1817.06,91417.0153
2025-05-07,1817.06,1850.94,1787.01,1811.35,138678.1083
2025-05-08,1811.36,2225.52,1808.61,2207.09,329522.944
2025-05-09,2206.84,2490.66,2184.39,2336.3,365338.1944
